repeat,fold,participant_id,role
0,0,sub-001,train
0,0,sub-002,train
0,0,sub-003,train
0,0,sub-004,train
0,0,sub-005,train
0,0,sub-008,train
0,0,sub-009,train
0,0,sub-010,train
0,0,sub-011,train
0,0,sub-012,train
0,0,sub-013,train
0,0,sub-015,train
0,0,sub-016,train
0,0,sub-017,train
0,0,sub-018,train
0,0,sub-019,train
0,0,sub-021,train
0,0,sub-023,train
0,0,sub-024,train
0,0,sub-025,train
0,0,sub-026,train
0,0,sub-028,train
0,0,sub-029,train
0,0,sub-031,train
0,0,sub-032,train
0,0,sub-033,train
0,0,sub-034,train
0,0,sub-036,train
0,0,sub-037,train
0,0,sub-039,train
0,0,sub-040,train
0,0,sub-041,train
0,0,sub-043,train
0,0,sub-044,train
0,0,sub-045,train
0,0,sub-047,train
0,0,sub-048,train
0,0,sub-049,train
0,0,sub-050,train
0,0,sub-051,train
0,0,sub-052,train
0,0,sub-053,train
0,0,sub-054,train
0,0,sub-056,train
0,0,sub-057,train
0,0,sub-058,train
0,0,sub-059,train
0,0,sub-060,train
0,0,sub-061,train
0,0,sub-062,train
0,0,sub-063,train
0,0,sub-065,train
0,0,sub-066,train
0,0,sub-068,train
0,0,sub-069,train
0,0,sub-071,train
0,0,sub-072,train
0,0,sub-073,train
0,0,sub-074,train
0,0,sub-075,train
0,0,sub-076,train
0,0,sub-077,train
0,0,sub-078,train
0,0,sub-081,train
0,0,sub-082,train
0,0,sub-083,train
0,0,sub-084,train
0,0,sub-086,train
0,0,sub-087,train
0,0,sub-088,train
0,0,sub-006,test
0,0,sub-007,test
0,0,sub-014,test
0,0,sub-020,test
0,0,sub-022,test
0,0,sub-027,test
0,0,sub-030,test
0,0,sub-035,test
0,0,sub-038,test
0,0,sub-042,test
0,0,sub-046,test
0,0,sub-055,test
0,0,sub-064,test
0,0,sub-067,test
0,0,sub-070,test
0,0,sub-079,test
0,0,sub-080,test
0,0,sub-085,test
0,1,sub-001,train
0,1,sub-003,train
0,1,sub-004,train
0,1,sub-005,train
0,1,sub-006,train
0,1,sub-007,train
0,1,sub-008,train
0,1,sub-009,train
0,1,sub-010,train
0,1,sub-011,train
0,1,sub-012,train
0,1,sub-013,train
0,1,sub-014,train
0,1,sub-016,train
0,1,sub-017,train
0,1,sub-018,train
0,1,sub-019,train
0,1,sub-020,train
0,1,sub-021,train
0,1,sub-022,train
0,1,sub-024,train
0,1,sub-026,train
0,1,sub-027,train
0,1,sub-028,train
0,1,sub-029,train
0,1,sub-030,train
0,1,sub-031,train
0,1,sub-033,train
0,1,sub-035,train
0,1,sub-037,train
0,1,sub-038,train
0,1,sub-039,train
0,1,sub-040,train
0,1,sub-042,train
0,1,sub-044,train
0,1,sub-045,train
0,1,sub-046,train
0,1,sub-048,train
0,1,sub-049,train
0,1,sub-050,train
0,1,sub-052,train
0,1,sub-053,train
0,1,sub-055,train
0,1,sub-056,train
0,1,sub-057,train
0,1,sub-058,train
0,1,sub-060,train
0,1,sub-061,train
0,1,sub-062,train
0,1,sub-063,train
0,1,sub-064,train
0,1,sub-065,train
0,1,sub-066,train
0,1,sub-067,train
0,1,sub-068,train
0,1,sub-070,train
0,1,sub-071,train
0,1,sub-072,train
0,1,sub-074,train
0,1,sub-075,train
0,1,sub-076,train
0,1,sub-078,train
0,1,sub-079,train
0,1,sub-080,train
0,1,sub-081,train
0,1,sub-084,train
0,1,sub-085,train
0,1,sub-086,train
0,1,sub-087,train
0,1,sub-088,train
0,1,sub-002,test
0,1,sub-015,test
0,1,sub-023,test
0,1,sub-025,test
0,1,sub-032,test
0,1,sub-034,test
0,1,sub-036,test
0,1,sub-041,test
0,1,sub-043,test
0,1,sub-047,test
0,1,sub-051,test
0,1,sub-054,test
0,1,sub-059,test
0,1,sub-069,test
0,1,sub-073,test
0,1,sub-077,test
0,1,sub-082,test
0,1,sub-083,test
0,2,sub-001,train
0,2,sub-002,train
0,2,sub-004,train
0,2,sub-006,train
0,2,sub-007,train
0,2,sub-008,train
0,2,sub-009,train
0,2,sub-012,train
0,2,sub-013,train
0,2,sub-014,train
0,2,sub-015,train
0,2,sub-016,train
0,2,sub-018,train
0,2,sub-019,train
0,2,sub-020,train
0,2,sub-021,train
0,2,sub-022,train
0,2,sub-023,train
0,2,sub-024,train
0,2,sub-025,train
0,2,sub-026,train
0,2,sub-027,train
0,2,sub-028,train
0,2,sub-030,train
0,2,sub-031,train
0,2,sub-032,train
0,2,sub-034,train
0,2,sub-035,train
0,2,sub-036,train
0,2,sub-038,train
0,2,sub-039,train
0,2,sub-041,train
0,2,sub-042,train
0,2,sub-043,train
0,2,sub-045,train
0,2,sub-046,train
0,2,sub-047,train
0,2,sub-048,train
0,2,sub-049,train
0,2,sub-050,train
0,2,sub-051,train
0,2,sub-052,train
0,2,sub-053,train
0,2,sub-054,train
0,2,sub-055,train
0,2,sub-056,train
0,2,sub-057,train
0,2,sub-059,train
0,2,sub-061,train
0,2,sub-062,train
0,2,sub-064,train
0,2,sub-065,train
0,2,sub-066,train
0,2,sub-067,train
0,2,sub-069,train
0,2,sub-070,train
0,2,sub-071,train
0,2,sub-072,train
0,2,sub-073,train
0,2,sub-074,train
0,2,sub-076,train
0,2,sub-077,train
0,2,sub-078,train
0,2,sub-079,train
0,2,sub-080,train
0,2,sub-081,train
0,2,sub-082,train
0,2,sub-083,train
0,2,sub-084,train
0,2,sub-085,train
0,2,sub-003,test
0,2,sub-005,test
0,2,sub-010,test
0,2,sub-011,test
0,2,sub-017,test
0,2,sub-029,test
0,2,sub-033,test
0,2,sub-037,test
0,2,sub-040,test
0,2,sub-044,test
0,2,sub-058,test
0,2,sub-060,test
0,2,sub-063,test
0,2,sub-068,test
0,2,sub-075,test
0,2,sub-086,test
0,2,sub-087,test
0,2,sub-088,test
0,3,sub-001,train
0,3,sub-002,train
0,3,sub-003,train
0,3,sub-005,train
0,3,sub-006,train
0,3,sub-007,train
0,3,sub-010,train
0,3,sub-011,train
0,3,sub-012,train
0,3,sub-013,train
0,3,sub-014,train
0,3,sub-015,train
0,3,sub-016,train
0,3,sub-017,train
0,3,sub-018,train
0,3,sub-019,train
0,3,sub-020,train
0,3,sub-022,train
0,3,sub-023,train
0,3,sub-025,train
0,3,sub-027,train
0,3,sub-028,train
0,3,sub-029,train
0,3,sub-030,train
0,3,sub-032,train
0,3,sub-033,train
0,3,sub-034,train
0,3,sub-035,train
0,3,sub-036,train
0,3,sub-037,train
0,3,sub-038,train
0,3,sub-040,train
0,3,sub-041,train
0,3,sub-042,train
0,3,sub-043,train
0,3,sub-044,train
0,3,sub-045,train
0,3,sub-046,train
0,3,sub-047,train
0,3,sub-048,train
0,3,sub-051,train
0,3,sub-053,train
0,3,sub-054,train
0,3,sub-055,train
0,3,sub-056,train
0,3,sub-057,train
0,3,sub-058,train
0,3,sub-059,train
0,3,sub-060,train
0,3,sub-061,train
0,3,sub-063,train
0,3,sub-064,train
0,3,sub-067,train
0,3,sub-068,train
0,3,sub-069,train
0,3,sub-070,train
0,3,sub-071,train
0,3,sub-073,train
0,3,sub-075,train
0,3,sub-077,train
0,3,sub-078,train
0,3,sub-079,train
0,3,sub-080,train
0,3,sub-081,train
0,3,sub-082,train
0,3,sub-083,train
0,3,sub-084,train
0,3,sub-085,train
0,3,sub-086,train
0,3,sub-087,train
0,3,sub-088,train
0,3,sub-004,test
0,3,sub-008,test
0,3,sub-009,test
0,3,sub-021,test
0,3,sub-024,test
0,3,sub-026,test
0,3,sub-031,test
0,3,sub-039,test
0,3,sub-049,test
0,3,sub-050,test
0,3,sub-052,test
0,3,sub-062,test
0,3,sub-065,test
0,3,sub-066,test
0,3,sub-072,test
0,3,sub-074,test
0,3,sub-076,test
0,4,sub-002,train
0,4,sub-003,train
0,4,sub-004,train
0,4,sub-005,train
0,4,sub-006,train
0,4,sub-007,train
0,4,sub-008,train
0,4,sub-009,train
0,4,sub-010,train
0,4,sub-011,train
0,4,sub-014,train
0,4,sub-015,train
0,4,sub-017,train
0,4,sub-020,train
0,4,sub-021,train
0,4,sub-022,train
0,4,sub-023,train
0,4,sub-024,train
0,4,sub-025,train
0,4,sub-026,train
0,4,sub-027,train
0,4,sub-029,train
0,4,sub-030,train
0,4,sub-031,train
0,4,sub-032,train
0,4,sub-033,train
0,4,sub-034,train
0,4,sub-035,train
0,4,sub-036,train
0,4,sub-037,train
0,4,sub-038,train
0,4,sub-039,train
0,4,sub-040,train
0,4,sub-041,train
0,4,sub-042,train
0,4,sub-043,train
0,4,sub-044,train
0,4,sub-046,train
0,4,sub-047,train
0,4,sub-049,train
0,4,sub-050,train
0,4,sub-051,train
0,4,sub-052,train
0,4,sub-054,train
0,4,sub-055,train
0,4,sub-058,train
0,4,sub-059,train
0,4,sub-060,train
0,4,sub-062,train
0,4,sub-063,train
0,4,sub-064,train
0,4,sub-065,train
0,4,sub-066,train
0,4,sub-067,train
0,4,sub-068,train
0,4,sub-069,train
0,4,sub-070,train
0,4,sub-072,train
0,4,sub-073,train
0,4,sub-074,train
0,4,sub-075,train
0,4,sub-076,train
0,4,sub-077,train
0,4,sub-079,train
0,4,sub-080,train
0,4,sub-082,train
0,4,sub-083,train
0,4,sub-085,train
0,4,sub-086,train
0,4,sub-087,train
0,4,sub-088,train
0,4,sub-001,test
0,4,sub-012,test
0,4,sub-013,test
0,4,sub-016,test
0,4,sub-018,test
0,4,sub-019,test
0,4,sub-028,test
0,4,sub-045,test
0,4,sub-048,test
0,4,sub-053,test
0,4,sub-056,test
0,4,sub-057,test
0,4,sub-061,test
0,4,sub-071,test
0,4,sub-078,test
0,4,sub-081,test
0,4,sub-084,test
1,0,sub-001,train
1,0,sub-002,train
1,0,sub-003,train
1,0,sub-004,train
1,0,sub-006,train
1,0,sub-007,train
1,0,sub-008,train
1,0,sub-009,train
1,0,sub-010,train
1,0,sub-011,train
1,0,sub-012,train
1,0,sub-013,train
1,0,sub-015,train
1,0,sub-016,train
1,0,sub-017,train
1,0,sub-018,train
1,0,sub-019,train
1,0,sub-020,train
1,0,sub-022,train
1,0,sub-023,train
1,0,sub-024,train
1,0,sub-026,train
1,0,sub-028,train
1,0,sub-031,train
1,0,sub-032,train
1,0,sub-033,train
1,0,sub-034,train
1,0,sub-035,train
1,0,sub-037,train
1,0,sub-038,train
1,0,sub-039,train
1,0,sub-041,train
1,0,sub-042,train
1,0,sub-043,train
1,0,sub-044,train
1,0,sub-046,train
1,0,sub-047,train
1,0,sub-048,train
1,0,sub-050,train
1,0,sub-051,train
1,0,sub-052,train
1,0,sub-053,train
1,0,sub-054,train
1,0,sub-056,train
1,0,sub-057,train
1,0,sub-058,train
1,0,sub-059,train
1,0,sub-060,train
1,0,sub-061,train
1,0,sub-063,train
1,0,sub-064,train
1,0,sub-065,train
1,0,sub-066,train
1,0,sub-067,train
1,0,sub-068,train
1,0,sub-070,train
1,0,sub-071,train
1,0,sub-073,train
1,0,sub-074,train
1,0,sub-075,train
1,0,sub-077,train
1,0,sub-079,train
1,0,sub-080,train
1,0,sub-081,train
1,0,sub-082,train
1,0,sub-084,train
1,0,sub-085,train
1,0,sub-086,train
1,0,sub-087,train
1,0,sub-088,train
1,0,sub-005,test
1,0,sub-014,test
1,0,sub-021,test
1,0,sub-025,test
1,0,sub-027,test
1,0,sub-029,test
1,0,sub-030,test
1,0,sub-036,test
1,0,sub-040,test
1,0,sub-045,test
1,0,sub-049,test
1,0,sub-055,test
1,0,sub-062,test
1,0,sub-069,test
1,0,sub-072,test
1,0,sub-076,test
1,0,sub-078,test
1,0,sub-083,test
1,1,sub-003,train
1,1,sub-004,train
1,1,sub-005,train
1,1,sub-006,train
1,1,sub-007,train
1,1,sub-008,train
1,1,sub-009,train
1,1,sub-010,train
1,1,sub-011,train
1,1,sub-012,train
1,1,sub-014,train
1,1,sub-015,train
1,1,sub-018,train
1,1,sub-019,train
1,1,sub-021,train
1,1,sub-022,train
1,1,sub-023,train
1,1,sub-024,train
1,1,sub-025,train
1,1,sub-027,train
1,1,sub-028,train
1,1,sub-029,train
1,1,sub-030,train
1,1,sub-031,train
1,1,sub-032,train
1,1,sub-033,train
1,1,sub-034,train
1,1,sub-035,train
1,1,sub-036,train
1,1,sub-037,train
1,1,sub-039,train
1,1,sub-040,train
1,1,sub-041,train
1,1,sub-042,train
1,1,sub-043,train
1,1,sub-044,train
1,1,sub-045,train
1,1,sub-046,train
1,1,sub-047,train
1,1,sub-049,train
1,1,sub-050,train
1,1,sub-052,train
1,1,sub-053,train
1,1,sub-055,train
1,1,sub-056,train
1,1,sub-058,train
1,1,sub-059,train
1,1,sub-060,train
1,1,sub-062,train
1,1,sub-063,train
1,1,sub-064,train
1,1,sub-065,train
1,1,sub-066,train
1,1,sub-068,train
1,1,sub-069,train
1,1,sub-070,train
1,1,sub-072,train
1,1,sub-073,train
1,1,sub-074,train
1,1,sub-076,train
1,1,sub-077,train
1,1,sub-078,train
1,1,sub-079,train
1,1,sub-080,train
1,1,sub-081,train
1,1,sub-083,train
1,1,sub-084,train
1,1,sub-085,train
1,1,sub-086,train
1,1,sub-087,train
1,1,sub-001,test
1,1,sub-002,test
1,1,sub-013,test
1,1,sub-016,test
1,1,sub-017,test
1,1,sub-020,test
1,1,sub-026,test
1,1,sub-038,test
1,1,sub-048,test
1,1,sub-051,test
1,1,sub-054,test
1,1,sub-057,test
1,1,sub-061,test
1,1,sub-067,test
1,1,sub-071,test
1,1,sub-075,test
1,1,sub-082,test
1,1,sub-088,test
1,2,sub-001,train
1,2,sub-002,train
1,2,sub-003,train
1,2,sub-004,train
1,2,sub-005,train
1,2,sub-007,train
1,2,sub-008,train
1,2,sub-009,train
1,2,sub-010,train
1,2,sub-013,train
1,2,sub-014,train
1,2,sub-015,train
1,2,sub-016,train
1,2,sub-017,train
1,2,sub-019,train
1,2,sub-020,train
1,2,sub-021,train
1,2,sub-022,train
1,2,sub-024,train
1,2,sub-025,train
1,2,sub-026,train
1,2,sub-027,train
1,2,sub-029,train
1,2,sub-030,train
1,2,sub-031,train
1,2,sub-033,train
1,2,sub-034,train
1,2,sub-035,train
1,2,sub-036,train
1,2,sub-037,train
1,2,sub-038,train
1,2,sub-039,train
1,2,sub-040,train
1,2,sub-042,train
1,2,sub-043,train
1,2,sub-044,train
1,2,sub-045,train
1,2,sub-047,train
1,2,sub-048,train
1,2,sub-049,train
1,2,sub-051,train
1,2,sub-052,train
1,2,sub-053,train
1,2,sub-054,train
1,2,sub-055,train
1,2,sub-056,train
1,2,sub-057,train
1,2,sub-061,train
1,2,sub-062,train
1,2,sub-063,train
1,2,sub-064,train
1,2,sub-065,train
1,2,sub-066,train
1,2,sub-067,train
1,2,sub-068,train
1,2,sub-069,train
1,2,sub-071,train
1,2,sub-072,train
1,2,sub-073,train
1,2,sub-075,train
1,2,sub-076,train
1,2,sub-077,train
1,2,sub-078,train
1,2,sub-080,train
1,2,sub-081,train
1,2,sub-082,train
1,2,sub-083,train
1,2,sub-085,train
1,2,sub-086,train
1,2,sub-088,train
1,2,sub-006,test
1,2,sub-011,test
1,2,sub-012,test
1,2,sub-018,test
1,2,sub-023,test
1,2,sub-028,test
1,2,sub-032,test
1,2,sub-041,test
1,2,sub-046,test
1,2,sub-050,test
1,2,sub-058,test
1,2,sub-059,test
1,2,sub-060,test
1,2,sub-070,test
1,2,sub-074,test
1,2,sub-079,test
1,2,sub-084,test
1,2,sub-087,test
1,3,sub-001,train
1,3,sub-002,train
1,3,sub-005,train
1,3,sub-006,train
1,3,sub-007,train
1,3,sub-008,train
1,3,sub-009,train
1,3,sub-011,train
1,3,sub-012,train
1,3,sub-013,train
1,3,sub-014,train
1,3,sub-016,train
1,3,sub-017,train
1,3,sub-018,train
1,3,sub-020,train
1,3,sub-021,train
1,3,sub-022,train
1,3,sub-023,train
1,3,sub-025,train
1,3,sub-026,train
1,3,sub-027,train
1,3,sub-028,train
1,3,sub-029,train
1,3,sub-030,train
1,3,sub-031,train
1,3,sub-032,train
1,3,sub-033,train
1,3,sub-035,train
1,3,sub-036,train
1,3,sub-037,train
1,3,sub-038,train
1,3,sub-039,train
1,3,sub-040,train
1,3,sub-041,train
1,3,sub-045,train
1,3,sub-046,train
1,3,sub-048,train
1,3,sub-049,train
1,3,sub-050,train
1,3,sub-051,train
1,3,sub-052,train
1,3,sub-053,train
1,3,sub-054,train
1,3,sub-055,train
1,3,sub-057,train
1,3,sub-058,train
1,3,sub-059,train
1,3,sub-060,train
1,3,sub-061,train
1,3,sub-062,train
1,3,sub-063,train
1,3,sub-065,train
1,3,sub-067,train
1,3,sub-069,train
1,3,sub-070,train
1,3,sub-071,train
1,3,sub-072,train
1,3,sub-073,train
1,3,sub-074,train
1,3,sub-075,train
1,3,sub-076,train
1,3,sub-077,train
1,3,sub-078,train
1,3,sub-079,train
1,3,sub-081,train
1,3,sub-082,train
1,3,sub-083,train
1,3,sub-084,train
1,3,sub-086,train
1,3,sub-087,train
1,3,sub-088,train
1,3,sub-003,test
1,3,sub-004,test
1,3,sub-010,test
1,3,sub-015,test
1,3,sub-019,test
1,3,sub-024,test
1,3,sub-034,test
1,3,sub-042,test
1,3,sub-043,test
1,3,sub-044,test
1,3,sub-047,test
1,3,sub-056,test
1,3,sub-064,test
1,3,sub-066,test
1,3,sub-068,test
1,3,sub-080,test
1,3,sub-085,test
1,4,sub-001,train
1,4,sub-002,train
1,4,sub-003,train
1,4,sub-004,train
1,4,sub-005,train
1,4,sub-006,train
1,4,sub-010,train
1,4,sub-011,train
1,4,sub-012,train
1,4,sub-013,train
1,4,sub-014,train
1,4,sub-015,train
1,4,sub-016,train
1,4,sub-017,train
1,4,sub-018,train
1,4,sub-019,train
1,4,sub-020,train
1,4,sub-021,train
1,4,sub-023,train
1,4,sub-024,train
1,4,sub-025,train
1,4,sub-026,train
1,4,sub-027,train
1,4,sub-028,train
1,4,sub-029,train
1,4,sub-030,train
1,4,sub-032,train
1,4,sub-034,train
1,4,sub-036,train
1,4,sub-038,train
1,4,sub-040,train
1,4,sub-041,train
1,4,sub-042,train
1,4,sub-043,train
1,4,sub-044,train
1,4,sub-045,train
1,4,sub-046,train
1,4,sub-047,train
1,4,sub-048,train
1,4,sub-049,train
1,4,sub-050,train
1,4,sub-051,train
1,4,sub-054,train
1,4,sub-055,train
1,4,sub-056,train
1,4,sub-057,train
1,4,sub-058,train
1,4,sub-059,train
1,4,sub-060,train
1,4,sub-061,train
1,4,sub-062,train
1,4,sub-064,train
1,4,sub-066,train
1,4,sub-067,train
1,4,sub-068,train
1,4,sub-069,train
1,4,sub-070,train
1,4,sub-071,train
1,4,sub-072,train
1,4,sub-074,train
1,4,sub-075,train
1,4,sub-076,train
1,4,sub-078,train
1,4,sub-079,train
1,4,sub-080,train
1,4,sub-082,train
1,4,sub-083,train
1,4,sub-084,train
1,4,sub-085,train
1,4,sub-087,train
1,4,sub-088,train
1,4,sub-007,test
1,4,sub-008,test
1,4,sub-009,test
1,4,sub-022,test
1,4,sub-031,test
1,4,sub-033,test
1,4,sub-035,test
1,4,sub-037,test
1,4,sub-039,test
1,4,sub-052,test
1,4,sub-053,test
1,4,sub-063,test
1,4,sub-065,test
1,4,sub-073,test
1,4,sub-077,test
1,4,sub-081,test
1,4,sub-086,test
2,0,sub-001,train
2,0,sub-002,train
2,0,sub-004,train
2,0,sub-005,train
2,0,sub-007,train
2,0,sub-008,train
2,0,sub-009,train
2,0,sub-011,train
2,0,sub-012,train
2,0,sub-013,train
2,0,sub-014,train
2,0,sub-015,train
2,0,sub-016,train
2,0,sub-017,train
2,0,sub-018,train
2,0,sub-019,train
2,0,sub-021,train
2,0,sub-023,train
2,0,sub-024,train
2,0,sub-025,train
2,0,sub-026,train
2,0,sub-027,train
2,0,sub-031,train
2,0,sub-032,train
2,0,sub-033,train
2,0,sub-034,train
2,0,sub-035,train
2,0,sub-036,train
2,0,sub-037,train
2,0,sub-038,train
2,0,sub-039,train
2,0,sub-040,train
2,0,sub-041,train
2,0,sub-042,train
2,0,sub-043,train
2,0,sub-044,train
2,0,sub-045,train
2,0,sub-046,train
2,0,sub-047,train
2,0,sub-049,train
2,0,sub-050,train
2,0,sub-051,train
2,0,sub-052,train
2,0,sub-053,train
2,0,sub-054,train
2,0,sub-055,train
2,0,sub-057,train
2,0,sub-058,train
2,0,sub-060,train
2,0,sub-062,train
2,0,sub-063,train
2,0,sub-065,train
2,0,sub-066,train
2,0,sub-068,train
2,0,sub-069,train
2,0,sub-070,train
2,0,sub-073,train
2,0,sub-074,train
2,0,sub-075,train
2,0,sub-076,train
2,0,sub-077,train
2,0,sub-078,train
2,0,sub-079,train
2,0,sub-080,train
2,0,sub-082,train
2,0,sub-084,train
2,0,sub-085,train
2,0,sub-086,train
2,0,sub-087,train
2,0,sub-088,train
2,0,sub-003,test
2,0,sub-006,test
2,0,sub-010,test
2,0,sub-020,test
2,0,sub-022,test
2,0,sub-028,test
2,0,sub-029,test
2,0,sub-030,test
2,0,sub-048,test
2,0,sub-056,test
2,0,sub-059,test
2,0,sub-061,test
2,0,sub-064,test
2,0,sub-067,test
2,0,sub-071,test
2,0,sub-072,test
2,0,sub-081,test
2,0,sub-083,test
2,1,sub-001,train
2,1,sub-002,train
2,1,sub-003,train
2,1,sub-005,train
2,1,sub-006,train
2,1,sub-007,train
2,1,sub-008,train
2,1,sub-010,train
2,1,sub-011,train
2,1,sub-012,train
2,1,sub-013,train
2,1,sub-016,train
2,1,sub-017,train
2,1,sub-019,train
2,1,sub-020,train
2,1,sub-022,train
2,1,sub-023,train
2,1,sub-024,train
2,1,sub-025,train
2,1,sub-027,train
2,1,sub-028,train
2,1,sub-029,train
2,1,sub-030,train
2,1,sub-031,train
2,1,sub-032,train
2,1,sub-033,train
2,1,sub-034,train
2,1,sub-035,train
2,1,sub-036,train
2,1,sub-037,train
2,1,sub-038,train
2,1,sub-039,train
2,1,sub-040,train
2,1,sub-042,train
2,1,sub-043,train
2,1,sub-045,train
2,1,sub-048,train
2,1,sub-049,train
2,1,sub-051,train
2,1,sub-052,train
2,1,sub-053,train
2,1,sub-055,train
2,1,sub-056,train
2,1,sub-057,train
2,1,sub-058,train
2,1,sub-059,train
2,1,sub-060,train
2,1,sub-061,train
2,1,sub-062,train
2,1,sub-063,train
2,1,sub-064,train
2,1,sub-065,train
2,1,sub-066,train
2,1,sub-067,train
2,1,sub-068,train
2,1,sub-069,train
2,1,sub-071,train
2,1,sub-072,train
2,1,sub-074,train
2,1,sub-075,train
2,1,sub-076,train
2,1,sub-078,train
2,1,sub-079,train
2,1,sub-080,train
2,1,sub-081,train
2,1,sub-083,train
2,1,sub-084,train
2,1,sub-085,train
2,1,sub-087,train
2,1,sub-088,train
2,1,sub-004,test
2,1,sub-009,test
2,1,sub-014,test
2,1,sub-015,test
2,1,sub-018,test
2,1,sub-021,test
2,1,sub-026,test
2,1,sub-041,test
2,1,sub-044,test
2,1,sub-046,test
2,1,sub-047,test
2,1,sub-050,test
2,1,sub-054,test
2,1,sub-070,test
2,1,sub-073,test
2,1,sub-077,test
2,1,sub-082,test
2,1,sub-086,test
2,2,sub-001,train
2,2,sub-002,train
2,2,sub-003,train
2,2,sub-004,train
2,2,sub-005,train
2,2,sub-006,train
2,2,sub-009,train
2,2,sub-010,train
2,2,sub-012,train
2,2,sub-013,train
2,2,sub-014,train
2,2,sub-015,train
2,2,sub-016,train
2,2,sub-017,train
2,2,sub-018,train
2,2,sub-020,train
2,2,sub-021,train
2,2,sub-022,train
2,2,sub-023,train
2,2,sub-024,train
2,2,sub-025,train
2,2,sub-026,train
2,2,sub-027,train
2,2,sub-028,train
2,2,sub-029,train
2,2,sub-030,train
2,2,sub-032,train
2,2,sub-033,train
2,2,sub-036,train
2,2,sub-038,train
2,2,sub-039,train
2,2,sub-040,train
2,2,sub-041,train
2,2,sub-042,train
2,2,sub-043,train
2,2,sub-044,train
2,2,sub-045,train
2,2,sub-046,train
2,2,sub-047,train
2,2,sub-048,train
2,2,sub-050,train
2,2,sub-051,train
2,2,sub-052,train
2,2,sub-054,train
2,2,sub-055,train
2,2,sub-056,train
2,2,sub-057,train
2,2,sub-059,train
2,2,sub-061,train
2,2,sub-062,train
2,2,sub-064,train
2,2,sub-065,train
2,2,sub-066,train
2,2,sub-067,train
2,2,sub-069,train
2,2,sub-070,train
2,2,sub-071,train
2,2,sub-072,train
2,2,sub-073,train
2,2,sub-074,train
2,2,sub-075,train
2,2,sub-077,train
2,2,sub-080,train
2,2,sub-081,train
2,2,sub-082,train
2,2,sub-083,train
2,2,sub-084,train
2,2,sub-086,train
2,2,sub-087,train
2,2,sub-088,train
2,2,sub-007,test
2,2,sub-008,test
2,2,sub-011,test
2,2,sub-019,test
2,2,sub-031,test
2,2,sub-034,test
2,2,sub-035,test
2,2,sub-037,test
2,2,sub-049,test
2,2,sub-053,test
2,2,sub-058,test
2,2,sub-060,test
2,2,sub-063,test
2,2,sub-068,test
2,2,sub-076,test
2,2,sub-078,test
2,2,sub-079,test
2,2,sub-085,test
2,3,sub-002,train
2,3,sub-003,train
2,3,sub-004,train
2,3,sub-005,train
2,3,sub-006,train
2,3,sub-007,train
2,3,sub-008,train
2,3,sub-009,train
2,3,sub-010,train
2,3,sub-011,train
2,3,sub-012,train
2,3,sub-014,train
2,3,sub-015,train
2,3,sub-016,train
2,3,sub-018,train
2,3,sub-019,train
2,3,sub-020,train
2,3,sub-021,train
2,3,sub-022,train
2,3,sub-026,train
2,3,sub-028,train
2,3,sub-029,train
2,3,sub-030,train
2,3,sub-031,train
2,3,sub-032,train
2,3,sub-033,train
2,3,sub-034,train
2,3,sub-035,train
2,3,sub-036,train
2,3,sub-037,train
2,3,sub-041,train
2,3,sub-042,train
2,3,sub-043,train
2,3,sub-044,train
2,3,sub-045,train
2,3,sub-046,train
2,3,sub-047,train
2,3,sub-048,train
2,3,sub-049,train
2,3,sub-050,train
2,3,sub-051,train
2,3,sub-052,train
2,3,sub-053,train
2,3,sub-054,train
2,3,sub-056,train
2,3,sub-058,train
2,3,sub-059,train
2,3,sub-060,train
2,3,sub-061,train
2,3,sub-062,train
2,3,sub-063,train
2,3,sub-064,train
2,3,sub-066,train
2,3,sub-067,train
2,3,sub-068,train
2,3,sub-069,train
2,3,sub-070,train
2,3,sub-071,train
2,3,sub-072,train
2,3,sub-073,train
2,3,sub-074,train
2,3,sub-076,train
2,3,sub-077,train
2,3,sub-078,train
2,3,sub-079,train
2,3,sub-081,train
2,3,sub-082,train
2,3,sub-083,train
2,3,sub-085,train
2,3,sub-086,train
2,3,sub-087,train
2,3,sub-001,test
2,3,sub-013,test
2,3,sub-017,test
2,3,sub-023,test
2,3,sub-024,test
2,3,sub-025,test
2,3,sub-027,test
2,3,sub-038,test
2,3,sub-039,test
2,3,sub-040,test
2,3,sub-055,test
2,3,sub-057,test
2,3,sub-065,test
2,3,sub-075,test
2,3,sub-080,test
2,3,sub-084,test
2,3,sub-088,test
2,4,sub-001,train
2,4,sub-003,train
2,4,sub-004,train
2,4,sub-006,train
2,4,sub-007,train
2,4,sub-008,train
2,4,sub-009,train
2,4,sub-010,train
2,4,sub-011,train
2,4,sub-013,train
2,4,sub-014,train
2,4,sub-015,train
2,4,sub-017,train
2,4,sub-018,train
2,4,sub-019,train
2,4,sub-020,train
2,4,sub-021,train
2,4,sub-022,train
2,4,sub-023,train
2,4,sub-024,train
2,4,sub-025,train
2,4,sub-026,train
2,4,sub-027,train
2,4,sub-028,train
2,4,sub-029,train
2,4,sub-030,train
2,4,sub-031,train
2,4,sub-034,train
2,4,sub-035,train
2,4,sub-037,train
2,4,sub-038,train
2,4,sub-039,train
2,4,sub-040,train
2,4,sub-041,train
2,4,sub-044,train
2,4,sub-046,train
2,4,sub-047,train
2,4,sub-048,train
2,4,sub-049,train
2,4,sub-050,train
2,4,sub-053,train
2,4,sub-054,train
2,4,sub-055,train
2,4,sub-056,train
2,4,sub-057,train
2,4,sub-058,train
2,4,sub-059,train
2,4,sub-060,train
2,4,sub-061,train
2,4,sub-063,train
2,4,sub-064,train
2,4,sub-065,train
2,4,sub-067,train
2,4,sub-068,train
2,4,sub-070,train
2,4,sub-071,train
2,4,sub-072,train
2,4,sub-073,train
2,4,sub-075,train
2,4,sub-076,train
2,4,sub-077,train
2,4,sub-078,train
2,4,sub-079,train
2,4,sub-080,train
2,4,sub-081,train
2,4,sub-082,train
2,4,sub-083,train
2,4,sub-084,train
2,4,sub-085,train
2,4,sub-086,train
2,4,sub-088,train
2,4,sub-002,test
2,4,sub-005,test
2,4,sub-012,test
2,4,sub-016,test
2,4,sub-032,test
2,4,sub-033,test
2,4,sub-036,test
2,4,sub-042,test
2,4,sub-043,test
2,4,sub-045,test
2,4,sub-051,test
2,4,sub-052,test
2,4,sub-062,test
2,4,sub-066,test
2,4,sub-069,test
2,4,sub-074,test
2,4,sub-087,test
3,0,sub-001,train
3,0,sub-002,train
3,0,sub-003,train
3,0,sub-005,train
3,0,sub-006,train
3,0,sub-007,train
3,0,sub-008,train
3,0,sub-010,train
3,0,sub-012,train
3,0,sub-013,train
3,0,sub-014,train
3,0,sub-016,train
3,0,sub-017,train
3,0,sub-018,train
3,0,sub-019,train
3,0,sub-020,train
3,0,sub-021,train
3,0,sub-022,train
3,0,sub-023,train
3,0,sub-024,train
3,0,sub-025,train
3,0,sub-027,train
3,0,sub-028,train
3,0,sub-030,train
3,0,sub-031,train
3,0,sub-032,train
3,0,sub-034,train
3,0,sub-036,train
3,0,sub-037,train
3,0,sub-039,train
3,0,sub-040,train
3,0,sub-041,train
3,0,sub-042,train
3,0,sub-043,train
3,0,sub-045,train
3,0,sub-046,train
3,0,sub-047,train
3,0,sub-048,train
3,0,sub-049,train
3,0,sub-050,train
3,0,sub-051,train
3,0,sub-052,train
3,0,sub-053,train
3,0,sub-054,train
3,0,sub-056,train
3,0,sub-057,train
3,0,sub-058,train
3,0,sub-060,train
3,0,sub-061,train
3,0,sub-062,train
3,0,sub-063,train
3,0,sub-065,train
3,0,sub-066,train
3,0,sub-067,train
3,0,sub-070,train
3,0,sub-071,train
3,0,sub-072,train
3,0,sub-073,train
3,0,sub-074,train
3,0,sub-075,train
3,0,sub-076,train
3,0,sub-079,train
3,0,sub-080,train
3,0,sub-081,train
3,0,sub-082,train
3,0,sub-083,train
3,0,sub-084,train
3,0,sub-086,train
3,0,sub-087,train
3,0,sub-088,train
3,0,sub-004,test
3,0,sub-009,test
3,0,sub-011,test
3,0,sub-015,test
3,0,sub-026,test
3,0,sub-029,test
3,0,sub-033,test
3,0,sub-035,test
3,0,sub-038,test
3,0,sub-044,test
3,0,sub-055,test
3,0,sub-059,test
3,0,sub-064,test
3,0,sub-068,test
3,0,sub-069,test
3,0,sub-077,test
3,0,sub-078,test
3,0,sub-085,test
3,1,sub-001,train
3,1,sub-002,train
3,1,sub-004,train
3,1,sub-005,train
3,1,sub-006,train
3,1,sub-008,train
3,1,sub-009,train
3,1,sub-010,train
3,1,sub-011,train
3,1,sub-013,train
3,1,sub-014,train
3,1,sub-015,train
3,1,sub-016,train
3,1,sub-017,train
3,1,sub-018,train
3,1,sub-019,train
3,1,sub-020,train
3,1,sub-021,train
3,1,sub-022,train
3,1,sub-024,train
3,1,sub-025,train
3,1,sub-026,train
3,1,sub-029,train
3,1,sub-030,train
3,1,sub-031,train
3,1,sub-033,train
3,1,sub-034,train
3,1,sub-035,train
3,1,sub-036,train
3,1,sub-038,train
3,1,sub-041,train
3,1,sub-043,train
3,1,sub-044,train
3,1,sub-045,train
3,1,sub-046,train
3,1,sub-048,train
3,1,sub-049,train
3,1,sub-050,train
3,1,sub-051,train
3,1,sub-052,train
3,1,sub-054,train
3,1,sub-055,train
3,1,sub-056,train
3,1,sub-057,train
3,1,sub-058,train
3,1,sub-059,train
3,1,sub-060,train
3,1,sub-061,train
3,1,sub-062,train
3,1,sub-063,train
3,1,sub-064,train
3,1,sub-065,train
3,1,sub-067,train
3,1,sub-068,train
3,1,sub-069,train
3,1,sub-070,train
3,1,sub-072,train
3,1,sub-073,train
3,1,sub-074,train
3,1,sub-075,train
3,1,sub-077,train
3,1,sub-078,train
3,1,sub-079,train
3,1,sub-080,train
3,1,sub-081,train
3,1,sub-082,train
3,1,sub-084,train
3,1,sub-085,train
3,1,sub-087,train
3,1,sub-088,train
3,1,sub-003,test
3,1,sub-007,test
3,1,sub-012,test
3,1,sub-023,test
3,1,sub-027,test
3,1,sub-028,test
3,1,sub-032,test
3,1,sub-037,test
3,1,sub-039,test
3,1,sub-040,test
3,1,sub-042,test
3,1,sub-047,test
3,1,sub-053,test
3,1,sub-066,test
3,1,sub-071,test
3,1,sub-076,test
3,1,sub-083,test
3,1,sub-086,test
3,2,sub-001,train
3,2,sub-003,train
3,2,sub-004,train
3,2,sub-006,train
3,2,sub-007,train
3,2,sub-009,train
3,2,sub-010,train
3,2,sub-011,train
3,2,sub-012,train
3,2,sub-013,train
3,2,sub-014,train
3,2,sub-015,train
3,2,sub-017,train
3,2,sub-019,train
3,2,sub-020,train
3,2,sub-021,train
3,2,sub-023,train
3,2,sub-024,train
3,2,sub-026,train
3,2,sub-027,train
3,2,sub-028,train
3,2,sub-029,train
3,2,sub-030,train
3,2,sub-031,train
3,2,sub-032,train
3,2,sub-033,train
3,2,sub-034,train
3,2,sub-035,train
3,2,sub-036,train
3,2,sub-037,train
3,2,sub-038,train
3,2,sub-039,train
3,2,sub-040,train
3,2,sub-041,train
3,2,sub-042,train
3,2,sub-043,train
3,2,sub-044,train
3,2,sub-046,train
3,2,sub-047,train
3,2,sub-050,train
3,2,sub-052,train
3,2,sub-053,train
3,2,sub-054,train
3,2,sub-055,train
3,2,sub-056,train
3,2,sub-057,train
3,2,sub-058,train
3,2,sub-059,train
3,2,sub-060,train
3,2,sub-063,train
3,2,sub-064,train
3,2,sub-065,train
3,2,sub-066,train
3,2,sub-067,train
3,2,sub-068,train
3,2,sub-069,train
3,2,sub-071,train
3,2,sub-072,train
3,2,sub-076,train
3,2,sub-077,train
3,2,sub-078,train
3,2,sub-079,train
3,2,sub-080,train
3,2,sub-082,train
3,2,sub-083,train
3,2,sub-084,train
3,2,sub-085,train
3,2,sub-086,train
3,2,sub-087,train
3,2,sub-088,train
3,2,sub-002,test
3,2,sub-005,test
3,2,sub-008,test
3,2,sub-016,test
3,2,sub-018,test
3,2,sub-022,test
3,2,sub-025,test
3,2,sub-045,test
3,2,sub-048,test
3,2,sub-049,test
3,2,sub-051,test
3,2,sub-061,test
3,2,sub-062,test
3,2,sub-070,test
3,2,sub-073,test
3,2,sub-074,test
3,2,sub-075,test
3,2,sub-081,test
3,3,sub-001,train
3,3,sub-002,train
3,3,sub-003,train
3,3,sub-004,train
3,3,sub-005,train
3,3,sub-006,train
3,3,sub-007,train
3,3,sub-008,train
3,3,sub-009,train
3,3,sub-011,train
3,3,sub-012,train
3,3,sub-013,train
3,3,sub-014,train
3,3,sub-015,train
3,3,sub-016,train
3,3,sub-018,train
3,3,sub-019,train
3,3,sub-020,train
3,3,sub-022,train
3,3,sub-023,train
3,3,sub-025,train
3,3,sub-026,train
3,3,sub-027,train
3,3,sub-028,train
3,3,sub-029,train
3,3,sub-031,train
3,3,sub-032,train
3,3,sub-033,train
3,3,sub-035,train
3,3,sub-037,train
3,3,sub-038,train
3,3,sub-039,train
3,3,sub-040,train
3,3,sub-042,train
3,3,sub-044,train
3,3,sub-045,train
3,3,sub-046,train
3,3,sub-047,train
3,3,sub-048,train
3,3,sub-049,train
3,3,sub-050,train
3,3,sub-051,train
3,3,sub-052,train
3,3,sub-053,train
3,3,sub-054,train
3,3,sub-055,train
3,3,sub-056,train
3,3,sub-059,train
3,3,sub-060,train
3,3,sub-061,train
3,3,sub-062,train
3,3,sub-064,train
3,3,sub-066,train
3,3,sub-068,train
3,3,sub-069,train
3,3,sub-070,train
3,3,sub-071,train
3,3,sub-072,train
3,3,sub-073,train
3,3,sub-074,train
3,3,sub-075,train
3,3,sub-076,train
3,3,sub-077,train
3,3,sub-078,train
3,3,sub-081,train
3,3,sub-083,train
3,3,sub-084,train
3,3,sub-085,train
3,3,sub-086,train
3,3,sub-087,train
3,3,sub-088,train
3,3,sub-010,test
3,3,sub-017,test
3,3,sub-021,test
3,3,sub-024,test
3,3,sub-030,test
3,3,sub-034,test
3,3,sub-036,test
3,3,sub-041,test
3,3,sub-043,test
3,3,sub-057,test
3,3,sub-058,test
3,3,sub-063,test
3,3,sub-065,test
3,3,sub-067,test
3,3,sub-079,test
3,3,sub-080,test
3,3,sub-082,test
3,4,sub-002,train
3,4,sub-003,train
3,4,sub-004,train
3,4,sub-005,train
3,4,sub-007,train
3,4,sub-008,train
3,4,sub-009,train
3,4,sub-010,train
3,4,sub-011,train
3,4,sub-012,train
3,4,sub-015,train
3,4,sub-016,train
3,4,sub-017,train
3,4,sub-018,train
3,4,sub-021,train
3,4,sub-022,train
3,4,sub-023,train
3,4,sub-024,train
3,4,sub-025,train
3,4,sub-026,train
3,4,sub-027,train
3,4,sub-028,train
3,4,sub-029,train
3,4,sub-030,train
3,4,sub-032,train
3,4,sub-033,train
3,4,sub-034,train
3,4,sub-035,train
3,4,sub-036,train
3,4,sub-037,train
3,4,sub-038,train
3,4,sub-039,train
3,4,sub-040,train
3,4,sub-041,train
3,4,sub-042,train
3,4,sub-043,train
3,4,sub-044,train
3,4,sub-045,train
3,4,sub-047,train
3,4,sub-048,train
3,4,sub-049,train
3,4,sub-051,train
3,4,sub-053,train
3,4,sub-055,train
3,4,sub-057,train
3,4,sub-058,train
3,4,sub-059,train
3,4,sub-061,train
3,4,sub-062,train
3,4,sub-063,train
3,4,sub-064,train
3,4,sub-065,train
3,4,sub-066,train
3,4,sub-067,train
3,4,sub-068,train
3,4,sub-069,train
3,4,sub-070,train
3,4,sub-071,train
3,4,sub-073,train
3,4,sub-074,train
3,4,sub-075,train
3,4,sub-076,train
3,4,sub-077,train
3,4,sub-078,train
3,4,sub-079,train
3,4,sub-080,train
3,4,sub-081,train
3,4,sub-082,train
3,4,sub-083,train
3,4,sub-085,train
3,4,sub-086,train
3,4,sub-001,test
3,4,sub-006,test
3,4,sub-013,test
3,4,sub-014,test
3,4,sub-019,test
3,4,sub-020,test
3,4,sub-031,test
3,4,sub-046,test
3,4,sub-050,test
3,4,sub-052,test
3,4,sub-054,test
3,4,sub-056,test
3,4,sub-060,test
3,4,sub-072,test
3,4,sub-084,test
3,4,sub-087,test
3,4,sub-088,test
4,0,sub-003,train
4,0,sub-004,train
4,0,sub-005,train
4,0,sub-006,train
4,0,sub-007,train
4,0,sub-008,train
4,0,sub-009,train
4,0,sub-012,train
4,0,sub-013,train
4,0,sub-014,train
4,0,sub-015,train
4,0,sub-018,train
4,0,sub-019,train
4,0,sub-020,train
4,0,sub-021,train
4,0,sub-022,train
4,0,sub-024,train
4,0,sub-025,train
4,0,sub-027,train
4,0,sub-028,train
4,0,sub-029,train
4,0,sub-030,train
4,0,sub-031,train
4,0,sub-032,train
4,0,sub-033,train
4,0,sub-034,train
4,0,sub-035,train
4,0,sub-036,train
4,0,sub-037,train
4,0,sub-038,train
4,0,sub-039,train
4,0,sub-040,train
4,0,sub-041,train
4,0,sub-042,train
4,0,sub-043,train
4,0,sub-044,train
4,0,sub-045,train
4,0,sub-049,train
4,0,sub-051,train
4,0,sub-052,train
4,0,sub-053,train
4,0,sub-054,train
4,0,sub-055,train
4,0,sub-056,train
4,0,sub-057,train
4,0,sub-058,train
4,0,sub-059,train
4,0,sub-060,train
4,0,sub-062,train
4,0,sub-063,train
4,0,sub-064,train
4,0,sub-065,train
4,0,sub-066,train
4,0,sub-067,train
4,0,sub-069,train
4,0,sub-070,train
4,0,sub-071,train
4,0,sub-073,train
4,0,sub-074,train
4,0,sub-075,train
4,0,sub-076,train
4,0,sub-077,train
4,0,sub-078,train
4,0,sub-079,train
4,0,sub-081,train
4,0,sub-082,train
4,0,sub-085,train
4,0,sub-086,train
4,0,sub-087,train
4,0,sub-088,train
4,0,sub-001,test
4,0,sub-002,test
4,0,sub-010,test
4,0,sub-011,test
4,0,sub-016,test
4,0,sub-017,test
4,0,sub-023,test
4,0,sub-026,test
4,0,sub-046,test
4,0,sub-047,test
4,0,sub-048,test
4,0,sub-050,test
4,0,sub-061,test
4,0,sub-068,test
4,0,sub-072,test
4,0,sub-080,test
4,0,sub-083,test
4,0,sub-084,test
4,1,sub-001,train
4,1,sub-002,train
4,1,sub-003,train
4,1,sub-004,train
4,1,sub-006,train
4,1,sub-007,train
4,1,sub-008,train
4,1,sub-010,train
4,1,sub-011,train
4,1,sub-012,train
4,1,sub-013,train
4,1,sub-014,train
4,1,sub-016,train
4,1,sub-017,train
4,1,sub-018,train
4,1,sub-019,train
4,1,sub-021,train
4,1,sub-022,train
4,1,sub-023,train
4,1,sub-026,train
4,1,sub-027,train
4,1,sub-028,train
4,1,sub-029,train
4,1,sub-030,train
4,1,sub-031,train
4,1,sub-033,train
4,1,sub-034,train
4,1,sub-035,train
4,1,sub-036,train
4,1,sub-039,train
4,1,sub-040,train
4,1,sub-042,train
4,1,sub-043,train
4,1,sub-044,train
4,1,sub-045,train
4,1,sub-046,train
4,1,sub-047,train
4,1,sub-048,train
4,1,sub-049,train
4,1,sub-050,train
4,1,sub-051,train
4,1,sub-053,train
4,1,sub-054,train
4,1,sub-055,train
4,1,sub-056,train
4,1,sub-057,train
4,1,sub-059,train
4,1,sub-060,train
4,1,sub-061,train
4,1,sub-063,train
4,1,sub-064,train
4,1,sub-065,train
4,1,sub-066,train
4,1,sub-067,train
4,1,sub-068,train
4,1,sub-069,train
4,1,sub-070,train
4,1,sub-072,train
4,1,sub-074,train
4,1,sub-075,train
4,1,sub-076,train
4,1,sub-077,train
4,1,sub-078,train
4,1,sub-079,train
4,1,sub-080,train
4,1,sub-082,train
4,1,sub-083,train
4,1,sub-084,train
4,1,sub-085,train
4,1,sub-087,train
4,1,sub-005,test
4,1,sub-009,test
4,1,sub-015,test
4,1,sub-020,test
4,1,sub-024,test
4,1,sub-025,test
4,1,sub-032,test
4,1,sub-037,test
4,1,sub-038,test
4,1,sub-041,test
4,1,sub-052,test
4,1,sub-058,test
4,1,sub-062,test
4,1,sub-071,test
4,1,sub-073,test
4,1,sub-081,test
4,1,sub-086,test
4,1,sub-088,test
4,2,sub-001,train
4,2,sub-002,train
4,2,sub-005,train
4,2,sub-006,train
4,2,sub-008,train
4,2,sub-009,train
4,2,sub-010,train
4,2,sub-011,train
4,2,sub-014,train
4,2,sub-015,train
4,2,sub-016,train
4,2,sub-017,train
4,2,sub-019,train
4,2,sub-020,train
4,2,sub-021,train
4,2,sub-022,train
4,2,sub-023,train
4,2,sub-024,train
4,2,sub-025,train
4,2,sub-026,train
4,2,sub-027,train
4,2,sub-028,train
4,2,sub-029,train
4,2,sub-030,train
4,2,sub-031,train
4,2,sub-032,train
4,2,sub-033,train
4,2,sub-034,train
4,2,sub-036,train
4,2,sub-037,train
4,2,sub-038,train
4,2,sub-039,train
4,2,sub-040,train
4,2,sub-041,train
4,2,sub-042,train
4,2,sub-043,train
4,2,sub-045,train
4,2,sub-046,train
4,2,sub-047,train
4,2,sub-048,train
4,2,sub-050,train
4,2,sub-051,train
4,2,sub-052,train
4,2,sub-053,train
4,2,sub-054,train
4,2,sub-055,train
4,2,sub-058,train
4,2,sub-059,train
4,2,sub-061,train
4,2,sub-062,train
4,2,sub-063,train
4,2,sub-064,train
4,2,sub-067,train
4,2,sub-068,train
4,2,sub-069,train
4,2,sub-071,train
4,2,sub-072,train
4,2,sub-073,train
4,2,sub-075,train
4,2,sub-076,train
4,2,sub-077,train
4,2,sub-079,train
4,2,sub-080,train
4,2,sub-081,train
4,2,sub-083,train
4,2,sub-084,train
4,2,sub-085,train
4,2,sub-086,train
4,2,sub-087,train
4,2,sub-088,train
4,2,sub-003,test
4,2,sub-004,test
4,2,sub-007,test
4,2,sub-012,test
4,2,sub-013,test
4,2,sub-018,test
4,2,sub-035,test
4,2,sub-044,test
4,2,sub-049,test
4,2,sub-056,test
4,2,sub-057,test
4,2,sub-060,test
4,2,sub-065,test
4,2,sub-066,test
4,2,sub-070,test
4,2,sub-074,test
4,2,sub-078,test
4,2,sub-082,test
4,3,sub-001,train
4,3,sub-002,train
4,3,sub-003,train
4,3,sub-004,train
4,3,sub-005,train
4,3,sub-007,train
4,3,sub-008,train
4,3,sub-009,train
4,3,sub-010,train
4,3,sub-011,train
4,3,sub-012,train
4,3,sub-013,train
4,3,sub-015,train
4,3,sub-016,train
4,3,sub-017,train
4,3,sub-018,train
4,3,sub-019,train
4,3,sub-020,train
4,3,sub-023,train
4,3,sub-024,train
4,3,sub-025,train
4,3,sub-026,train
4,3,sub-027,train
4,3,sub-028,train
4,3,sub-030,train
4,3,sub-032,train
4,3,sub-033,train
4,3,sub-034,train
4,3,sub-035,train
4,3,sub-037,train
4,3,sub-038,train
4,3,sub-039,train
4,3,sub-040,train
4,3,sub-041,train
4,3,sub-044,train
4,3,sub-046,train
4,3,sub-047,train
4,3,sub-048,train
4,3,sub-049,train
4,3,sub-050,train
4,3,sub-052,train
4,3,sub-054,train
4,3,sub-055,train
4,3,sub-056,train
4,3,sub-057,train
4,3,sub-058,train
4,3,sub-060,train
4,3,sub-061,train
4,3,sub-062,train
4,3,sub-063,train
4,3,sub-064,train
4,3,sub-065,train
4,3,sub-066,train
4,3,sub-067,train
4,3,sub-068,train
4,3,sub-070,train
4,3,sub-071,train
4,3,sub-072,train
4,3,sub-073,train
4,3,sub-074,train
4,3,sub-076,train
4,3,sub-078,train
4,3,sub-079,train
4,3,sub-080,train
4,3,sub-081,train
4,3,sub-082,train
4,3,sub-083,train
4,3,sub-084,train
4,3,sub-086,train
4,3,sub-087,train
4,3,sub-088,train
4,3,sub-006,test
4,3,sub-014,test
4,3,sub-021,test
4,3,sub-022,test
4,3,sub-029,test
4,3,sub-031,test
4,3,sub-036,test
4,3,sub-042,test
4,3,sub-043,test
4,3,sub-045,test
4,3,sub-051,test
4,3,sub-053,test
4,3,sub-059,test
4,3,sub-069,test
4,3,sub-075,test
4,3,sub-077,test
4,3,sub-085,test
4,4,sub-001,train
4,4,sub-002,train
4,4,sub-003,train
4,4,sub-004,train
4,4,sub-005,train
4,4,sub-006,train
4,4,sub-007,train
4,4,sub-009,train
4,4,sub-010,train
4,4,sub-011,train
4,4,sub-012,train
4,4,sub-013,train
4,4,sub-014,train
4,4,sub-015,train
4,4,sub-016,train
4,4,sub-017,train
4,4,sub-018,train
4,4,sub-020,train
4,4,sub-021,train
4,4,sub-022,train
4,4,sub-023,train
4,4,sub-024,train
4,4,sub-025,train
4,4,sub-026,train
4,4,sub-029,train
4,4,sub-031,train
4,4,sub-032,train
4,4,sub-035,train
4,4,sub-036,train
4,4,sub-037,train
4,4,sub-038,train
4,4,sub-041,train
4,4,sub-042,train
4,4,sub-043,train
4,4,sub-044,train
4,4,sub-045,train
4,4,sub-046,train
4,4,sub-047,train
4,4,sub-048,train
4,4,sub-049,train
4,4,sub-050,train
4,4,sub-051,train
4,4,sub-052,train
4,4,sub-053,train
4,4,sub-056,train
4,4,sub-057,train
4,4,sub-058,train
4,4,sub-059,train
4,4,sub-060,train
4,4,sub-061,train
4,4,sub-062,train
4,4,sub-065,train
4,4,sub-066,train
4,4,sub-068,train
4,4,sub-069,train
4,4,sub-070,train
4,4,sub-071,train
4,4,sub-072,train
4,4,sub-073,train
4,4,sub-074,train
4,4,sub-075,train
4,4,sub-077,train
4,4,sub-078,train
4,4,sub-080,train
4,4,sub-081,train
4,4,sub-082,train
4,4,sub-083,train
4,4,sub-084,train
4,4,sub-085,train
4,4,sub-086,train
4,4,sub-088,train
4,4,sub-008,test
4,4,sub-019,test
4,4,sub-027,test
4,4,sub-028,test
4,4,sub-030,test
4,4,sub-033,test
4,4,sub-034,test
4,4,sub-039,test
4,4,sub-040,test
4,4,sub-054,test
4,4,sub-055,test
4,4,sub-063,test
4,4,sub-064,test
4,4,sub-067,test
4,4,sub-076,test
4,4,sub-079,test
4,4,sub-087,test
5,0,sub-001,train
5,0,sub-002,train
5,0,sub-003,train
5,0,sub-004,train
5,0,sub-005,train
5,0,sub-006,train
5,0,sub-007,train
5,0,sub-008,train
5,0,sub-012,train
5,0,sub-013,train
5,0,sub-014,train
5,0,sub-015,train
5,0,sub-016,train
5,0,sub-017,train
5,0,sub-018,train
5,0,sub-020,train
5,0,sub-021,train
5,0,sub-023,train
5,0,sub-024,train
5,0,sub-027,train
5,0,sub-028,train
5,0,sub-029,train
5,0,sub-030,train
5,0,sub-031,train
5,0,sub-032,train
5,0,sub-033,train
5,0,sub-034,train
5,0,sub-036,train
5,0,sub-037,train
5,0,sub-038,train
5,0,sub-040,train
5,0,sub-041,train
5,0,sub-042,train
5,0,sub-043,train
5,0,sub-044,train
5,0,sub-045,train
5,0,sub-047,train
5,0,sub-048,train
5,0,sub-049,train
5,0,sub-050,train
5,0,sub-051,train
5,0,sub-053,train
5,0,sub-054,train
5,0,sub-056,train
5,0,sub-057,train
5,0,sub-058,train
5,0,sub-059,train
5,0,sub-060,train
5,0,sub-061,train
5,0,sub-062,train
5,0,sub-064,train
5,0,sub-065,train
5,0,sub-066,train
5,0,sub-067,train
5,0,sub-068,train
5,0,sub-070,train
5,0,sub-071,train
5,0,sub-072,train
5,0,sub-074,train
5,0,sub-075,train
5,0,sub-077,train
5,0,sub-078,train
5,0,sub-079,train
5,0,sub-080,train
5,0,sub-081,train
5,0,sub-082,train
5,0,sub-085,train
5,0,sub-086,train
5,0,sub-087,train
5,0,sub-088,train
5,0,sub-009,test
5,0,sub-010,test
5,0,sub-011,test
5,0,sub-019,test
5,0,sub-022,test
5,0,sub-025,test
5,0,sub-026,test
5,0,sub-035,test
5,0,sub-039,test
5,0,sub-046,test
5,0,sub-052,test
5,0,sub-055,test
5,0,sub-063,test
5,0,sub-069,test
5,0,sub-073,test
5,0,sub-076,test
5,0,sub-083,test
5,0,sub-084,test
5,1,sub-001,train
5,1,sub-004,train
5,1,sub-005,train
5,1,sub-006,train
5,1,sub-007,train
5,1,sub-008,train
5,1,sub-009,train
5,1,sub-010,train
5,1,sub-011,train
5,1,sub-012,train
5,1,sub-013,train
5,1,sub-014,train
5,1,sub-015,train
5,1,sub-017,train
5,1,sub-019,train
5,1,sub-020,train
5,1,sub-021,train
5,1,sub-022,train
5,1,sub-023,train
5,1,sub-025,train
5,1,sub-026,train
5,1,sub-027,train
5,1,sub-029,train
5,1,sub-030,train
5,1,sub-031,train
5,1,sub-033,train
5,1,sub-034,train
5,1,sub-035,train
5,1,sub-036,train
5,1,sub-037,train
5,1,sub-038,train
5,1,sub-039,train
5,1,sub-042,train
5,1,sub-043,train
5,1,sub-044,train
5,1,sub-045,train
5,1,sub-046,train
5,1,sub-047,train
5,1,sub-048,train
5,1,sub-049,train
5,1,sub-050,train
5,1,sub-051,train
5,1,sub-052,train
5,1,sub-053,train
5,1,sub-055,train
5,1,sub-056,train
5,1,sub-060,train
5,1,sub-061,train
5,1,sub-062,train
5,1,sub-063,train
5,1,sub-064,train
5,1,sub-065,train
5,1,sub-067,train
5,1,sub-068,train
5,1,sub-069,train
5,1,sub-070,train
5,1,sub-071,train
5,1,sub-073,train
5,1,sub-075,train
5,1,sub-076,train
5,1,sub-078,train
5,1,sub-079,train
5,1,sub-080,train
5,1,sub-081,train
5,1,sub-082,train
5,1,sub-083,train
5,1,sub-084,train
5,1,sub-086,train
5,1,sub-087,train
5,1,sub-088,train
5,1,sub-002,test
5,1,sub-003,test
5,1,sub-016,test
5,1,sub-018,test
5,1,sub-024,test
5,1,sub-028,test
5,1,sub-032,test
5,1,sub-040,test
5,1,sub-041,test
5,1,sub-054,test
5,1,sub-057,test
5,1,sub-058,test
5,1,sub-059,test
5,1,sub-066,test
5,1,sub-072,test
5,1,sub-074,test
5,1,sub-077,test
5,1,sub-085,test
5,2,sub-001,train
5,2,sub-002,train
5,2,sub-003,train
5,2,sub-004,train
5,2,sub-005,train
5,2,sub-007,train
5,2,sub-008,train
5,2,sub-009,train
5,2,sub-010,train
5,2,sub-011,train
5,2,sub-014,train
5,2,sub-015,train
5,2,sub-016,train
5,2,sub-017,train
5,2,sub-018,train
5,2,sub-019,train
5,2,sub-020,train
5,2,sub-022,train
5,2,sub-023,train
5,2,sub-024,train
5,2,sub-025,train
5,2,sub-026,train
5,2,sub-028,train
5,2,sub-029,train
5,2,sub-030,train
5,2,sub-032,train
5,2,sub-033,train
5,2,sub-035,train
5,2,sub-036,train
5,2,sub-037,train
5,2,sub-039,train
5,2,sub-040,train
5,2,sub-041,train
5,2,sub-042,train
5,2,sub-043,train
5,2,sub-044,train
5,2,sub-046,train
5,2,sub-049,train
5,2,sub-051,train
5,2,sub-052,train
5,2,sub-053,train
5,2,sub-054,train
5,2,sub-055,train
5,2,sub-056,train
5,2,sub-057,train
5,2,sub-058,train
5,2,sub-059,train
5,2,sub-060,train
5,2,sub-061,train
5,2,sub-062,train
5,2,sub-063,train
5,2,sub-065,train
5,2,sub-066,train
5,2,sub-067,train
5,2,sub-068,train
5,2,sub-069,train
5,2,sub-072,train
5,2,sub-073,train
5,2,sub-074,train
5,2,sub-075,train
5,2,sub-076,train
5,2,sub-077,train
5,2,sub-079,train
5,2,sub-081,train
5,2,sub-082,train
5,2,sub-083,train
5,2,sub-084,train
5,2,sub-085,train
5,2,sub-087,train
5,2,sub-088,train
5,2,sub-006,test
5,2,sub-012,test
5,2,sub-013,test
5,2,sub-021,test
5,2,sub-027,test
5,2,sub-031,test
5,2,sub-034,test
5,2,sub-038,test
5,2,sub-045,test
5,2,sub-047,test
5,2,sub-048,test
5,2,sub-050,test
5,2,sub-064,test
5,2,sub-070,test
5,2,sub-071,test
5,2,sub-078,test
5,2,sub-080,test
5,2,sub-086,test
5,3,sub-001,train
5,3,sub-002,train
5,3,sub-003,train
5,3,sub-004,train
5,3,sub-006,train
5,3,sub-007,train
5,3,sub-009,train
5,3,sub-010,train
5,3,sub-011,train
5,3,sub-012,train
5,3,sub-013,train
5,3,sub-014,train
5,3,sub-016,train
5,3,sub-017,train
5,3,sub-018,train
5,3,sub-019,train
5,3,sub-021,train
5,3,sub-022,train
5,3,sub-024,train
5,3,sub-025,train
5,3,sub-026,train
5,3,sub-027,train
5,3,sub-028,train
5,3,sub-029,train
5,3,sub-031,train
5,3,sub-032,train
5,3,sub-034,train
5,3,sub-035,train
5,3,sub-036,train
5,3,sub-038,train
5,3,sub-039,train
5,3,sub-040,train
5,3,sub-041,train
5,3,sub-043,train
5,3,sub-044,train
5,3,sub-045,train
5,3,sub-046,train
5,3,sub-047,train
5,3,sub-048,train
5,3,sub-050,train
5,3,sub-051,train
5,3,sub-052,train
5,3,sub-053,train
5,3,sub-054,train
5,3,sub-055,train
5,3,sub-057,train
5,3,sub-058,train
5,3,sub-059,train
5,3,sub-061,train
5,3,sub-063,train
5,3,sub-064,train
5,3,sub-065,train
5,3,sub-066,train
5,3,sub-068,train
5,3,sub-069,train
5,3,sub-070,train
5,3,sub-071,train
5,3,sub-072,train
5,3,sub-073,train
5,3,sub-074,train
5,3,sub-076,train
5,3,sub-077,train
5,3,sub-078,train
5,3,sub-079,train
5,3,sub-080,train
5,3,sub-083,train
5,3,sub-084,train
5,3,sub-085,train
5,3,sub-086,train
5,3,sub-087,train
5,3,sub-088,train
5,3,sub-005,test
5,3,sub-008,test
5,3,sub-015,test
5,3,sub-020,test
5,3,sub-023,test
5,3,sub-030,test
5,3,sub-033,test
5,3,sub-037,test
5,3,sub-042,test
5,3,sub-049,test
5,3,sub-056,test
5,3,sub-060,test
5,3,sub-062,test
5,3,sub-067,test
5,3,sub-075,test
5,3,sub-081,test
5,3,sub-082,test
5,4,sub-002,train
5,4,sub-003,train
5,4,sub-005,train
5,4,sub-006,train
5,4,sub-008,train
5,4,sub-009,train
5,4,sub-010,train
5,4,sub-011,train
5,4,sub-012,train
5,4,sub-013,train
5,4,sub-015,train
5,4,sub-016,train
5,4,sub-018,train
5,4,sub-019,train
5,4,sub-020,train
5,4,sub-021,train
5,4,sub-022,train
5,4,sub-023,train
5,4,sub-024,train
5,4,sub-025,train
5,4,sub-026,train
5,4,sub-027,train
5,4,sub-028,train
5,4,sub-030,train
5,4,sub-031,train
5,4,sub-032,train
5,4,sub-033,train
5,4,sub-034,train
5,4,sub-035,train
5,4,sub-037,train
5,4,sub-038,train
5,4,sub-039,train
5,4,sub-040,train
5,4,sub-041,train
5,4,sub-042,train
5,4,sub-045,train
5,4,sub-046,train
5,4,sub-047,train
5,4,sub-048,train
5,4,sub-049,train
5,4,sub-050,train
5,4,sub-052,train
5,4,sub-054,train
5,4,sub-055,train
5,4,sub-056,train
5,4,sub-057,train
5,4,sub-058,train
5,4,sub-059,train
5,4,sub-060,train
5,4,sub-062,train
5,4,sub-063,train
5,4,sub-064,train
5,4,sub-066,train
5,4,sub-067,train
5,4,sub-069,train
5,4,sub-070,train
5,4,sub-071,train
5,4,sub-072,train
5,4,sub-073,train
5,4,sub-074,train
5,4,sub-075,train
5,4,sub-076,train
5,4,sub-077,train
5,4,sub-078,train
5,4,sub-080,train
5,4,sub-081,train
5,4,sub-082,train
5,4,sub-083,train
5,4,sub-084,train
5,4,sub-085,train
5,4,sub-086,train
5,4,sub-001,test
5,4,sub-004,test
5,4,sub-007,test
5,4,sub-014,test
5,4,sub-017,test
5,4,sub-029,test
5,4,sub-036,test
5,4,sub-043,test
5,4,sub-044,test
5,4,sub-051,test
5,4,sub-053,test
5,4,sub-061,test
5,4,sub-065,test
5,4,sub-068,test
5,4,sub-079,test
5,4,sub-087,test
5,4,sub-088,test
6,0,sub-002,train
6,0,sub-003,train
6,0,sub-004,train
6,0,sub-005,train
6,0,sub-006,train
6,0,sub-007,train
6,0,sub-009,train
6,0,sub-010,train
6,0,sub-011,train
6,0,sub-012,train
6,0,sub-013,train
6,0,sub-015,train
6,0,sub-017,train
6,0,sub-019,train
6,0,sub-020,train
6,0,sub-021,train
6,0,sub-023,train
6,0,sub-024,train
6,0,sub-025,train
6,0,sub-026,train
6,0,sub-027,train
6,0,sub-028,train
6,0,sub-029,train
6,0,sub-031,train
6,0,sub-033,train
6,0,sub-034,train
6,0,sub-035,train
6,0,sub-036,train
6,0,sub-038,train
6,0,sub-040,train
6,0,sub-041,train
6,0,sub-042,train
6,0,sub-043,train
6,0,sub-044,train
6,0,sub-045,train
6,0,sub-046,train
6,0,sub-047,train
6,0,sub-048,train
6,0,sub-049,train
6,0,sub-051,train
6,0,sub-052,train
6,0,sub-054,train
6,0,sub-055,train
6,0,sub-056,train
6,0,sub-057,train
6,0,sub-058,train
6,0,sub-059,train
6,0,sub-060,train
6,0,sub-062,train
6,0,sub-063,train
6,0,sub-064,train
6,0,sub-065,train
6,0,sub-066,train
6,0,sub-067,train
6,0,sub-069,train
6,0,sub-070,train
6,0,sub-071,train
6,0,sub-072,train
6,0,sub-073,train
6,0,sub-076,train
6,0,sub-077,train
6,0,sub-078,train
6,0,sub-079,train
6,0,sub-080,train
6,0,sub-081,train
6,0,sub-083,train
6,0,sub-084,train
6,0,sub-085,train
6,0,sub-086,train
6,0,sub-087,train
6,0,sub-001,test
6,0,sub-008,test
6,0,sub-014,test
6,0,sub-016,test
6,0,sub-018,test
6,0,sub-022,test
6,0,sub-030,test
6,0,sub-032,test
6,0,sub-037,test
6,0,sub-039,test
6,0,sub-050,test
6,0,sub-053,test
6,0,sub-061,test
6,0,sub-068,test
6,0,sub-074,test
6,0,sub-075,test
6,0,sub-082,test
6,0,sub-088,test
6,1,sub-001,train
6,1,sub-002,train
6,1,sub-004,train
6,1,sub-006,train
6,1,sub-008,train
6,1,sub-010,train
6,1,sub-011,train
6,1,sub-012,train
6,1,sub-013,train
6,1,sub-014,train
6,1,sub-015,train
6,1,sub-016,train
6,1,sub-017,train
6,1,sub-018,train
6,1,sub-019,train
6,1,sub-020,train
6,1,sub-021,train
6,1,sub-022,train
6,1,sub-023,train
6,1,sub-024,train
6,1,sub-027,train
6,1,sub-028,train
6,1,sub-029,train
6,1,sub-030,train
6,1,sub-031,train
6,1,sub-032,train
6,1,sub-034,train
6,1,sub-035,train
6,1,sub-036,train
6,1,sub-037,train
6,1,sub-039,train
6,1,sub-041,train
6,1,sub-043,train
6,1,sub-044,train
6,1,sub-045,train
6,1,sub-047,train
6,1,sub-048,train
6,1,sub-049,train
6,1,sub-050,train
6,1,sub-051,train
6,1,sub-052,train
6,1,sub-053,train
6,1,sub-054,train
6,1,sub-056,train
6,1,sub-057,train
6,1,sub-058,train
6,1,sub-059,train
6,1,sub-060,train
6,1,sub-061,train
6,1,sub-063,train
6,1,sub-064,train
6,1,sub-065,train
6,1,sub-066,train
6,1,sub-067,train
6,1,sub-068,train
6,1,sub-069,train
6,1,sub-070,train
6,1,sub-072,train
6,1,sub-073,train
6,1,sub-074,train
6,1,sub-075,train
6,1,sub-077,train
6,1,sub-079,train
6,1,sub-080,train
6,1,sub-082,train
6,1,sub-083,train
6,1,sub-084,train
6,1,sub-086,train
6,1,sub-087,train
6,1,sub-088,train
6,1,sub-003,test
6,1,sub-005,test
6,1,sub-007,test
6,1,sub-009,test
6,1,sub-025,test
6,1,sub-026,test
6,1,sub-033,test
6,1,sub-038,test
6,1,sub-040,test
6,1,sub-042,test
6,1,sub-046,test
6,1,sub-055,test
6,1,sub-062,test
6,1,sub-071,test
6,1,sub-076,test
6,1,sub-078,test
6,1,sub-081,test
6,1,sub-085,test
6,2,sub-001,train
6,2,sub-003,train
6,2,sub-004,train
6,2,sub-005,train
6,2,sub-006,train
6,2,sub-007,train
6,2,sub-008,train
6,2,sub-009,train
6,2,sub-010,train
6,2,sub-011,train
6,2,sub-012,train
6,2,sub-013,train
6,2,sub-014,train
6,2,sub-016,train
6,2,sub-018,train
6,2,sub-020,train
6,2,sub-021,train
6,2,sub-022,train
6,2,sub-023,train
6,2,sub-025,train
6,2,sub-026,train
6,2,sub-027,train
6,2,sub-028,train
6,2,sub-030,train
6,2,sub-031,train
6,2,sub-032,train
6,2,sub-033,train
6,2,sub-034,train
6,2,sub-035,train
6,2,sub-037,train
6,2,sub-038,train
6,2,sub-039,train
6,2,sub-040,train
6,2,sub-041,train
6,2,sub-042,train
6,2,sub-044,train
6,2,sub-046,train
6,2,sub-047,train
6,2,sub-048,train
6,2,sub-049,train
6,2,sub-050,train
6,2,sub-051,train
6,2,sub-053,train
6,2,sub-055,train
6,2,sub-056,train
6,2,sub-057,train
6,2,sub-058,train
6,2,sub-060,train
6,2,sub-061,train
6,2,sub-062,train
6,2,sub-063,train
6,2,sub-065,train
6,2,sub-068,train
6,2,sub-069,train
6,2,sub-070,train
6,2,sub-071,train
6,2,sub-073,train
6,2,sub-074,train
6,2,sub-075,train
6,2,sub-076,train
6,2,sub-077,train
6,2,sub-078,train
6,2,sub-079,train
6,2,sub-080,train
6,2,sub-081,train
6,2,sub-082,train
6,2,sub-084,train
6,2,sub-085,train
6,2,sub-087,train
6,2,sub-088,train
6,2,sub-002,test
6,2,sub-015,test
6,2,sub-017,test
6,2,sub-019,test
6,2,sub-024,test
6,2,sub-029,test
6,2,sub-036,test
6,2,sub-043,test
6,2,sub-045,test
6,2,sub-052,test
6,2,sub-054,test
6,2,sub-059,test
6,2,sub-064,test
6,2,sub-066,test
6,2,sub-067,test
6,2,sub-072,test
6,2,sub-083,test
6,2,sub-086,test
6,3,sub-001,train
6,3,sub-002,train
6,3,sub-003,train
6,3,sub-005,train
6,3,sub-006,train
6,3,sub-007,train
6,3,sub-008,train
6,3,sub-009,train
6,3,sub-010,train
6,3,sub-012,train
6,3,sub-014,train
6,3,sub-015,train
6,3,sub-016,train
6,3,sub-017,train
6,3,sub-018,train
6,3,sub-019,train
6,3,sub-021,train
6,3,sub-022,train
6,3,sub-023,train
6,3,sub-024,train
6,3,sub-025,train
6,3,sub-026,train
6,3,sub-029,train
6,3,sub-030,train
6,3,sub-031,train
6,3,sub-032,train
6,3,sub-033,train
6,3,sub-035,train
6,3,sub-036,train
6,3,sub-037,train
6,3,sub-038,train
6,3,sub-039,train
6,3,sub-040,train
6,3,sub-041,train
6,3,sub-042,train
6,3,sub-043,train
6,3,sub-045,train
6,3,sub-046,train
6,3,sub-048,train
6,3,sub-050,train
6,3,sub-051,train
6,3,sub-052,train
6,3,sub-053,train
6,3,sub-054,train
6,3,sub-055,train
6,3,sub-056,train
6,3,sub-059,train
6,3,sub-061,train
6,3,sub-062,train
6,3,sub-063,train
6,3,sub-064,train
6,3,sub-065,train
6,3,sub-066,train
6,3,sub-067,train
6,3,sub-068,train
6,3,sub-070,train
6,3,sub-071,train
6,3,sub-072,train
6,3,sub-073,train
6,3,sub-074,train
6,3,sub-075,train
6,3,sub-076,train
6,3,sub-078,train
6,3,sub-080,train
6,3,sub-081,train
6,3,sub-082,train
6,3,sub-083,train
6,3,sub-085,train
6,3,sub-086,train
6,3,sub-087,train
6,3,sub-088,train
6,3,sub-004,test
6,3,sub-011,test
6,3,sub-013,test
6,3,sub-020,test
6,3,sub-027,test
6,3,sub-028,test
6,3,sub-034,test
6,3,sub-044,test
6,3,sub-047,test
6,3,sub-049,test
6,3,sub-057,test
6,3,sub-058,test
6,3,sub-060,test
6,3,sub-069,test
6,3,sub-077,test
6,3,sub-079,test
6,3,sub-084,test
6,4,sub-001,train
6,4,sub-002,train
6,4,sub-003,train
6,4,sub-004,train
6,4,sub-005,train
6,4,sub-007,train
6,4,sub-008,train
6,4,sub-009,train
6,4,sub-011,train
6,4,sub-013,train
6,4,sub-014,train
6,4,sub-015,train
6,4,sub-016,train
6,4,sub-017,train
6,4,sub-018,train
6,4,sub-019,train
6,4,sub-020,train
6,4,sub-022,train
6,4,sub-024,train
6,4,sub-025,train
6,4,sub-026,train
6,4,sub-027,train
6,4,sub-028,train
6,4,sub-029,train
6,4,sub-030,train
6,4,sub-032,train
6,4,sub-033,train
6,4,sub-034,train
6,4,sub-036,train
6,4,sub-037,train
6,4,sub-038,train
6,4,sub-039,train
6,4,sub-040,train
6,4,sub-042,train
6,4,sub-043,train
6,4,sub-044,train
6,4,sub-045,train
6,4,sub-046,train
6,4,sub-047,train
6,4,sub-049,train
6,4,sub-050,train
6,4,sub-052,train
6,4,sub-053,train
6,4,sub-054,train
6,4,sub-055,train
6,4,sub-057,train
6,4,sub-058,train
6,4,sub-059,train
6,4,sub-060,train
6,4,sub-061,train
6,4,sub-062,train
6,4,sub-064,train
6,4,sub-066,train
6,4,sub-067,train
6,4,sub-068,train
6,4,sub-069,train
6,4,sub-071,train
6,4,sub-072,train
6,4,sub-074,train
6,4,sub-075,train
6,4,sub-076,train
6,4,sub-077,train
6,4,sub-078,train
6,4,sub-079,train
6,4,sub-081,train
6,4,sub-082,train
6,4,sub-083,train
6,4,sub-084,train
6,4,sub-085,train
6,4,sub-086,train
6,4,sub-088,train
6,4,sub-006,test
6,4,sub-010,test
6,4,sub-012,test
6,4,sub-021,test
6,4,sub-023,test
6,4,sub-031,test
6,4,sub-035,test
6,4,sub-041,test
6,4,sub-048,test
6,4,sub-051,test
6,4,sub-056,test
6,4,sub-063,test
6,4,sub-065,test
6,4,sub-070,test
6,4,sub-073,test
6,4,sub-080,test
6,4,sub-087,test
7,0,sub-001,train
7,0,sub-004,train
7,0,sub-005,train
7,0,sub-006,train
7,0,sub-007,train
7,0,sub-008,train
7,0,sub-009,train
7,0,sub-011,train
7,0,sub-012,train
7,0,sub-014,train
7,0,sub-015,train
7,0,sub-016,train
7,0,sub-017,train
7,0,sub-018,train
7,0,sub-020,train
7,0,sub-021,train
7,0,sub-022,train
7,0,sub-023,train
7,0,sub-024,train
7,0,sub-025,train
7,0,sub-027,train
7,0,sub-028,train
7,0,sub-029,train
7,0,sub-030,train
7,0,sub-031,train
7,0,sub-034,train
7,0,sub-035,train
7,0,sub-036,train
7,0,sub-037,train
7,0,sub-038,train
7,0,sub-040,train
7,0,sub-041,train
7,0,sub-042,train
7,0,sub-043,train
7,0,sub-044,train
7,0,sub-045,train
7,0,sub-046,train
7,0,sub-048,train
7,0,sub-049,train
7,0,sub-050,train
7,0,sub-052,train
7,0,sub-053,train
7,0,sub-054,train
7,0,sub-055,train
7,0,sub-056,train
7,0,sub-057,train
7,0,sub-058,train
7,0,sub-059,train
7,0,sub-061,train
7,0,sub-062,train
7,0,sub-063,train
7,0,sub-065,train
7,0,sub-066,train
7,0,sub-067,train
7,0,sub-069,train
7,0,sub-072,train
7,0,sub-073,train
7,0,sub-074,train
7,0,sub-075,train
7,0,sub-076,train
7,0,sub-077,train
7,0,sub-078,train
7,0,sub-079,train
7,0,sub-080,train
7,0,sub-081,train
7,0,sub-082,train
7,0,sub-084,train
7,0,sub-085,train
7,0,sub-086,train
7,0,sub-087,train
7,0,sub-002,test
7,0,sub-003,test
7,0,sub-010,test
7,0,sub-013,test
7,0,sub-019,test
7,0,sub-026,test
7,0,sub-032,test
7,0,sub-033,test
7,0,sub-039,test
7,0,sub-047,test
7,0,sub-051,test
7,0,sub-060,test
7,0,sub-064,test
7,0,sub-068,test
7,0,sub-070,test
7,0,sub-071,test
7,0,sub-083,test
7,0,sub-088,test
7,1,sub-001,train
7,1,sub-002,train
7,1,sub-003,train
7,1,sub-004,train
7,1,sub-007,train
7,1,sub-008,train
7,1,sub-010,train
7,1,sub-012,train
7,1,sub-013,train
7,1,sub-014,train
7,1,sub-015,train
7,1,sub-017,train
7,1,sub-018,train
7,1,sub-019,train
7,1,sub-020,train
7,1,sub-021,train
7,1,sub-022,train
7,1,sub-023,train
7,1,sub-024,train
7,1,sub-026,train
7,1,sub-028,train
7,1,sub-029,train
7,1,sub-030,train
7,1,sub-031,train
7,1,sub-032,train
7,1,sub-033,train
7,1,sub-034,train
7,1,sub-035,train
7,1,sub-036,train
7,1,sub-038,train
7,1,sub-039,train
7,1,sub-040,train
7,1,sub-041,train
7,1,sub-043,train
7,1,sub-044,train
7,1,sub-045,train
7,1,sub-046,train
7,1,sub-047,train
7,1,sub-049,train
7,1,sub-051,train
7,1,sub-052,train
7,1,sub-053,train
7,1,sub-054,train
7,1,sub-056,train
7,1,sub-057,train
7,1,sub-058,train
7,1,sub-059,train
7,1,sub-060,train
7,1,sub-061,train
7,1,sub-063,train
7,1,sub-064,train
7,1,sub-065,train
7,1,sub-066,train
7,1,sub-067,train
7,1,sub-068,train
7,1,sub-069,train
7,1,sub-070,train
7,1,sub-071,train
7,1,sub-072,train
7,1,sub-073,train
7,1,sub-074,train
7,1,sub-078,train
7,1,sub-079,train
7,1,sub-081,train
7,1,sub-082,train
7,1,sub-083,train
7,1,sub-084,train
7,1,sub-086,train
7,1,sub-087,train
7,1,sub-088,train
7,1,sub-005,test
7,1,sub-006,test
7,1,sub-009,test
7,1,sub-011,test
7,1,sub-016,test
7,1,sub-025,test
7,1,sub-027,test
7,1,sub-037,test
7,1,sub-042,test
7,1,sub-048,test
7,1,sub-050,test
7,1,sub-055,test
7,1,sub-062,test
7,1,sub-075,test
7,1,sub-076,test
7,1,sub-077,test
7,1,sub-080,test
7,1,sub-085,test
7,2,sub-001,train
7,2,sub-002,train
7,2,sub-003,train
7,2,sub-004,train
7,2,sub-005,train
7,2,sub-006,train
7,2,sub-007,train
7,2,sub-008,train
7,2,sub-009,train
7,2,sub-010,train
7,2,sub-011,train
7,2,sub-013,train
7,2,sub-015,train
7,2,sub-016,train
7,2,sub-017,train
7,2,sub-018,train
7,2,sub-019,train
7,2,sub-021,train
7,2,sub-022,train
7,2,sub-023,train
7,2,sub-024,train
7,2,sub-025,train
7,2,sub-026,train
7,2,sub-027,train
7,2,sub-029,train
7,2,sub-032,train
7,2,sub-033,train
7,2,sub-035,train
7,2,sub-036,train
7,2,sub-037,train
7,2,sub-038,train
7,2,sub-039,train
7,2,sub-040,train
7,2,sub-042,train
7,2,sub-043,train
7,2,sub-044,train
7,2,sub-045,train
7,2,sub-046,train
7,2,sub-047,train
7,2,sub-048,train
7,2,sub-050,train
7,2,sub-051,train
7,2,sub-053,train
7,2,sub-055,train
7,2,sub-056,train
7,2,sub-058,train
7,2,sub-059,train
7,2,sub-060,train
7,2,sub-061,train
7,2,sub-062,train
7,2,sub-063,train
7,2,sub-064,train
7,2,sub-066,train
7,2,sub-067,train
7,2,sub-068,train
7,2,sub-069,train
7,2,sub-070,train
7,2,sub-071,train
7,2,sub-073,train
7,2,sub-075,train
7,2,sub-076,train
7,2,sub-077,train
7,2,sub-078,train
7,2,sub-079,train
7,2,sub-080,train
7,2,sub-081,train
7,2,sub-083,train
7,2,sub-085,train
7,2,sub-086,train
7,2,sub-088,train
7,2,sub-012,test
7,2,sub-014,test
7,2,sub-020,test
7,2,sub-028,test
7,2,sub-030,test
7,2,sub-031,test
7,2,sub-034,test
7,2,sub-041,test
7,2,sub-049,test
7,2,sub-052,test
7,2,sub-054,test
7,2,sub-057,test
7,2,sub-065,test
7,2,sub-072,test
7,2,sub-074,test
7,2,sub-082,test
7,2,sub-084,test
7,2,sub-087,test
7,3,sub-002,train
7,3,sub-003,train
7,3,sub-004,train
7,3,sub-005,train
7,3,sub-006,train
7,3,sub-007,train
7,3,sub-008,train
7,3,sub-009,train
7,3,sub-010,train
7,3,sub-011,train
7,3,sub-012,train
7,3,sub-013,train
7,3,sub-014,train
7,3,sub-016,train
7,3,sub-017,train
7,3,sub-019,train
7,3,sub-020,train
7,3,sub-025,train
7,3,sub-026,train
7,3,sub-027,train
7,3,sub-028,train
7,3,sub-029,train
7,3,sub-030,train
7,3,sub-031,train
7,3,sub-032,train
7,3,sub-033,train
7,3,sub-034,train
7,3,sub-035,train
7,3,sub-036,train
7,3,sub-037,train
7,3,sub-039,train
7,3,sub-041,train
7,3,sub-042,train
7,3,sub-044,train
7,3,sub-047,train
7,3,sub-048,train
7,3,sub-049,train
7,3,sub-050,train
7,3,sub-051,train
7,3,sub-052,train
7,3,sub-053,train
7,3,sub-054,train
7,3,sub-055,train
7,3,sub-057,train
7,3,sub-058,train
7,3,sub-059,train
7,3,sub-060,train
7,3,sub-061,train
7,3,sub-062,train
7,3,sub-063,train
7,3,sub-064,train
7,3,sub-065,train
7,3,sub-066,train
7,3,sub-068,train
7,3,sub-069,train
7,3,sub-070,train
7,3,sub-071,train
7,3,sub-072,train
7,3,sub-073,train
7,3,sub-074,train
7,3,sub-075,train
7,3,sub-076,train
7,3,sub-077,train
7,3,sub-080,train
7,3,sub-082,train
7,3,sub-083,train
7,3,sub-084,train
7,3,sub-085,train
7,3,sub-086,train
7,3,sub-087,train
7,3,sub-088,train
7,3,sub-001,test
7,3,sub-015,test
7,3,sub-018,test
7,3,sub-021,test
7,3,sub-022,test
7,3,sub-023,test
7,3,sub-024,test
7,3,sub-038,test
7,3,sub-040,test
7,3,sub-043,test
7,3,sub-045,test
7,3,sub-046,test
7,3,sub-056,test
7,3,sub-067,test
7,3,sub-078,test
7,3,sub-079,test
7,3,sub-081,test
7,4,sub-001,train
7,4,sub-002,train
7,4,sub-003,train
7,4,sub-005,train
7,4,sub-006,train
7,4,sub-009,train
7,4,sub-010,train
7,4,sub-011,train
7,4,sub-012,train
7,4,sub-013,train
7,4,sub-014,train
7,4,sub-015,train
7,4,sub-016,train
7,4,sub-018,train
7,4,sub-019,train
7,4,sub-020,train
7,4,sub-021,train
7,4,sub-022,train
7,4,sub-023,train
7,4,sub-024,train
7,4,sub-025,train
7,4,sub-026,train
7,4,sub-027,train
7,4,sub-028,train
7,4,sub-030,train
7,4,sub-031,train
7,4,sub-032,train
7,4,sub-033,train
7,4,sub-034,train
7,4,sub-037,train
7,4,sub-038,train
7,4,sub-039,train
7,4,sub-040,train
7,4,sub-041,train
7,4,sub-042,train
7,4,sub-043,train
7,4,sub-045,train
7,4,sub-046,train
7,4,sub-047,train
7,4,sub-048,train
7,4,sub-049,train
7,4,sub-050,train
7,4,sub-051,train
7,4,sub-052,train
7,4,sub-054,train
7,4,sub-055,train
7,4,sub-056,train
7,4,sub-057,train
7,4,sub-060,train
7,4,sub-062,train
7,4,sub-064,train
7,4,sub-065,train
7,4,sub-067,train
7,4,sub-068,train
7,4,sub-070,train
7,4,sub-071,train
7,4,sub-072,train
7,4,sub-074,train
7,4,sub-075,train
7,4,sub-076,train
7,4,sub-077,train
7,4,sub-078,train
7,4,sub-079,train
7,4,sub-080,train
7,4,sub-081,train
7,4,sub-082,train
7,4,sub-083,train
7,4,sub-084,train
7,4,sub-085,train
7,4,sub-087,train
7,4,sub-088,train
7,4,sub-004,test
7,4,sub-007,test
7,4,sub-008,test
7,4,sub-017,test
7,4,sub-029,test
7,4,sub-035,test
7,4,sub-036,test
7,4,sub-044,test
7,4,sub-053,test
7,4,sub-058,test
7,4,sub-059,test
7,4,sub-061,test
7,4,sub-063,test
7,4,sub-066,test
7,4,sub-069,test
7,4,sub-073,test
7,4,sub-086,test
8,0,sub-001,train
8,0,sub-002,train
8,0,sub-003,train
8,0,sub-004,train
8,0,sub-005,train
8,0,sub-006,train
8,0,sub-007,train
8,0,sub-008,train
8,0,sub-009,train
8,0,sub-011,train
8,0,sub-012,train
8,0,sub-013,train
8,0,sub-014,train
8,0,sub-016,train
8,0,sub-018,train
8,0,sub-019,train
8,0,sub-020,train
8,0,sub-021,train
8,0,sub-022,train
8,0,sub-025,train
8,0,sub-027,train
8,0,sub-028,train
8,0,sub-030,train
8,0,sub-031,train
8,0,sub-033,train
8,0,sub-034,train
8,0,sub-035,train
8,0,sub-036,train
8,0,sub-037,train
8,0,sub-038,train
8,0,sub-039,train
8,0,sub-041,train
8,0,sub-042,train
8,0,sub-043,train
8,0,sub-044,train
8,0,sub-045,train
8,0,sub-046,train
8,0,sub-047,train
8,0,sub-050,train
8,0,sub-051,train
8,0,sub-053,train
8,0,sub-054,train
8,0,sub-055,train
8,0,sub-056,train
8,0,sub-057,train
8,0,sub-059,train
8,0,sub-060,train
8,0,sub-061,train
8,0,sub-062,train
8,0,sub-063,train
8,0,sub-064,train
8,0,sub-065,train
8,0,sub-066,train
8,0,sub-067,train
8,0,sub-069,train
8,0,sub-070,train
8,0,sub-072,train
8,0,sub-073,train
8,0,sub-074,train
8,0,sub-075,train
8,0,sub-077,train
8,0,sub-078,train
8,0,sub-079,train
8,0,sub-081,train
8,0,sub-083,train
8,0,sub-084,train
8,0,sub-085,train
8,0,sub-086,train
8,0,sub-087,train
8,0,sub-088,train
8,0,sub-010,test
8,0,sub-015,test
8,0,sub-017,test
8,0,sub-023,test
8,0,sub-024,test
8,0,sub-026,test
8,0,sub-029,test
8,0,sub-032,test
8,0,sub-040,test
8,0,sub-048,test
8,0,sub-049,test
8,0,sub-052,test
8,0,sub-058,test
8,0,sub-068,test
8,0,sub-071,test
8,0,sub-076,test
8,0,sub-080,test
8,0,sub-082,test
8,1,sub-001,train
8,1,sub-002,train
8,1,sub-003,train
8,1,sub-004,train
8,1,sub-007,train
8,1,sub-008,train
8,1,sub-009,train
8,1,sub-010,train
8,1,sub-011,train
8,1,sub-012,train
8,1,sub-013,train
8,1,sub-015,train
8,1,sub-016,train
8,1,sub-017,train
8,1,sub-018,train
8,1,sub-019,train
8,1,sub-020,train
8,1,sub-023,train
8,1,sub-024,train
8,1,sub-026,train
8,1,sub-027,train
8,1,sub-028,train
8,1,sub-029,train
8,1,sub-030,train
8,1,sub-032,train
8,1,sub-033,train
8,1,sub-034,train
8,1,sub-035,train
8,1,sub-036,train
8,1,sub-037,train
8,1,sub-038,train
8,1,sub-039,train
8,1,sub-040,train
8,1,sub-041,train
8,1,sub-042,train
8,1,sub-043,train
8,1,sub-044,train
8,1,sub-048,train
8,1,sub-049,train
8,1,sub-050,train
8,1,sub-052,train
8,1,sub-054,train
8,1,sub-055,train
8,1,sub-056,train
8,1,sub-057,train
8,1,sub-058,train
8,1,sub-059,train
8,1,sub-060,train
8,1,sub-061,train
8,1,sub-062,train
8,1,sub-063,train
8,1,sub-064,train
8,1,sub-067,train
8,1,sub-068,train
8,1,sub-069,train
8,1,sub-071,train
8,1,sub-072,train
8,1,sub-073,train
8,1,sub-075,train
8,1,sub-076,train
8,1,sub-077,train
8,1,sub-079,train
8,1,sub-080,train
8,1,sub-081,train
8,1,sub-082,train
8,1,sub-083,train
8,1,sub-084,train
8,1,sub-086,train
8,1,sub-087,train
8,1,sub-088,train
8,1,sub-005,test
8,1,sub-006,test
8,1,sub-014,test
8,1,sub-021,test
8,1,sub-022,test
8,1,sub-025,test
8,1,sub-031,test
8,1,sub-045,test
8,1,sub-046,test
8,1,sub-047,test
8,1,sub-051,test
8,1,sub-053,test
8,1,sub-065,test
8,1,sub-066,test
8,1,sub-070,test
8,1,sub-074,test
8,1,sub-078,test
8,1,sub-085,test
8,2,sub-002,train
8,2,sub-004,train
8,2,sub-005,train
8,2,sub-006,train
8,2,sub-010,train
8,2,sub-012,train
8,2,sub-013,train
8,2,sub-014,train
8,2,sub-015,train
8,2,sub-016,train
8,2,sub-017,train
8,2,sub-018,train
8,2,sub-019,train
8,2,sub-020,train
8,2,sub-021,train
8,2,sub-022,train
8,2,sub-023,train
8,2,sub-024,train
8,2,sub-025,train
8,2,sub-026,train
8,2,sub-027,train
8,2,sub-028,train
8,2,sub-029,train
8,2,sub-030,train
8,2,sub-031,train
8,2,sub-032,train
8,2,sub-033,train
8,2,sub-035,train
8,2,sub-036,train
8,2,sub-038,train
8,2,sub-039,train
8,2,sub-040,train
8,2,sub-041,train
8,2,sub-042,train
8,2,sub-043,train
8,2,sub-045,train
8,2,sub-046,train
8,2,sub-047,train
8,2,sub-048,train
8,2,sub-049,train
8,2,sub-051,train
8,2,sub-052,train
8,2,sub-053,train
8,2,sub-055,train
8,2,sub-056,train
8,2,sub-057,train
8,2,sub-058,train
8,2,sub-059,train
8,2,sub-061,train
8,2,sub-063,train
8,2,sub-064,train
8,2,sub-065,train
8,2,sub-066,train
8,2,sub-068,train
8,2,sub-070,train
8,2,sub-071,train
8,2,sub-072,train
8,2,sub-074,train
8,2,sub-075,train
8,2,sub-076,train
8,2,sub-077,train
8,2,sub-078,train
8,2,sub-080,train
8,2,sub-082,train
8,2,sub-083,train
8,2,sub-084,train
8,2,sub-085,train
8,2,sub-086,train
8,2,sub-087,train
8,2,sub-088,train
8,2,sub-001,test
8,2,sub-003,test
8,2,sub-007,test
8,2,sub-008,test
8,2,sub-009,test
8,2,sub-011,test
8,2,sub-034,test
8,2,sub-037,test
8,2,sub-044,test
8,2,sub-050,test
8,2,sub-054,test
8,2,sub-060,test
8,2,sub-062,test
8,2,sub-067,test
8,2,sub-069,test
8,2,sub-073,test
8,2,sub-079,test
8,2,sub-081,test
8,3,sub-001,train
8,3,sub-002,train
8,3,sub-003,train
8,3,sub-005,train
8,3,sub-006,train
8,3,sub-007,train
8,3,sub-008,train
8,3,sub-009,train
8,3,sub-010,train
8,3,sub-011,train
8,3,sub-012,train
8,3,sub-014,train
8,3,sub-015,train
8,3,sub-017,train
8,3,sub-020,train
8,3,sub-021,train
8,3,sub-022,train
8,3,sub-023,train
8,3,sub-024,train
8,3,sub-025,train
8,3,sub-026,train
8,3,sub-027,train
8,3,sub-029,train
8,3,sub-030,train
8,3,sub-031,train
8,3,sub-032,train
8,3,sub-033,train
8,3,sub-034,train
8,3,sub-036,train
8,3,sub-037,train
8,3,sub-040,train
8,3,sub-044,train
8,3,sub-045,train
8,3,sub-046,train
8,3,sub-047,train
8,3,sub-048,train
8,3,sub-049,train
8,3,sub-050,train
8,3,sub-051,train
8,3,sub-052,train
8,3,sub-053,train
8,3,sub-054,train
8,3,sub-056,train
8,3,sub-057,train
8,3,sub-058,train
8,3,sub-059,train
8,3,sub-060,train
8,3,sub-061,train
8,3,sub-062,train
8,3,sub-063,train
8,3,sub-064,train
8,3,sub-065,train
8,3,sub-066,train
8,3,sub-067,train
8,3,sub-068,train
8,3,sub-069,train
8,3,sub-070,train
8,3,sub-071,train
8,3,sub-072,train
8,3,sub-073,train
8,3,sub-074,train
8,3,sub-076,train
8,3,sub-077,train
8,3,sub-078,train
8,3,sub-079,train
8,3,sub-080,train
8,3,sub-081,train
8,3,sub-082,train
8,3,sub-085,train
8,3,sub-086,train
8,3,sub-087,train
8,3,sub-004,test
8,3,sub-013,test
8,3,sub-016,test
8,3,sub-018,test
8,3,sub-019,test
8,3,sub-028,test
8,3,sub-035,test
8,3,sub-038,test
8,3,sub-039,test
8,3,sub-041,test
8,3,sub-042,test
8,3,sub-043,test
8,3,sub-055,test
8,3,sub-075,test
8,3,sub-083,test
8,3,sub-084,test
8,3,sub-088,test
8,4,sub-001,train
8,4,sub-003,train
8,4,sub-004,train
8,4,sub-005,train
8,4,sub-006,train
8,4,sub-007,train
8,4,sub-008,train
8,4,sub-009,train
8,4,sub-010,train
8,4,sub-011,train
8,4,sub-013,train
8,4,sub-014,train
8,4,sub-015,train
8,4,sub-016,train
8,4,sub-017,train
8,4,sub-018,train
8,4,sub-019,train
8,4,sub-021,train
8,4,sub-022,train
8,4,sub-023,train
8,4,sub-024,train
8,4,sub-025,train
8,4,sub-026,train
8,4,sub-028,train
8,4,sub-029,train
8,4,sub-031,train
8,4,sub-032,train
8,4,sub-034,train
8,4,sub-035,train
8,4,sub-037,train
8,4,sub-038,train
8,4,sub-039,train
8,4,sub-040,train
8,4,sub-041,train
8,4,sub-042,train
8,4,sub-043,train
8,4,sub-044,train
8,4,sub-045,train
8,4,sub-046,train
8,4,sub-047,train
8,4,sub-048,train
8,4,sub-049,train
8,4,sub-050,train
8,4,sub-051,train
8,4,sub-052,train
8,4,sub-053,train
8,4,sub-054,train
8,4,sub-055,train
8,4,sub-058,train
8,4,sub-060,train
8,4,sub-062,train
8,4,sub-065,train
8,4,sub-066,train
8,4,sub-067,train
8,4,sub-068,train
8,4,sub-069,train
8,4,sub-070,train
8,4,sub-071,train
8,4,sub-073,train
8,4,sub-074,train
8,4,sub-075,train
8,4,sub-076,train
8,4,sub-078,train
8,4,sub-079,train
8,4,sub-080,train
8,4,sub-081,train
8,4,sub-082,train
8,4,sub-083,train
8,4,sub-084,train
8,4,sub-085,train
8,4,sub-088,train
8,4,sub-002,test
8,4,sub-012,test
8,4,sub-020,test
8,4,sub-027,test
8,4,sub-030,test
8,4,sub-033,test
8,4,sub-036,test
8,4,sub-056,test
8,4,sub-057,test
8,4,sub-059,test
8,4,sub-061,test
8,4,sub-063,test
8,4,sub-064,test
8,4,sub-072,test
8,4,sub-077,test
8,4,sub-086,test
8,4,sub-087,test
9,0,sub-001,train
9,0,sub-004,train
9,0,sub-006,train
9,0,sub-007,train
9,0,sub-008,train
9,0,sub-010,train
9,0,sub-012,train
9,0,sub-013,train
9,0,sub-014,train
9,0,sub-016,train
9,0,sub-017,train
9,0,sub-018,train
9,0,sub-019,train
9,0,sub-020,train
9,0,sub-021,train
9,0,sub-022,train
9,0,sub-023,train
9,0,sub-024,train
9,0,sub-025,train
9,0,sub-026,train
9,0,sub-027,train
9,0,sub-028,train
9,0,sub-029,train
9,0,sub-030,train
9,0,sub-031,train
9,0,sub-032,train
9,0,sub-034,train
9,0,sub-036,train
9,0,sub-037,train
9,0,sub-038,train
9,0,sub-039,train
9,0,sub-040,train
9,0,sub-041,train
9,0,sub-042,train
9,0,sub-043,train
9,0,sub-045,train
9,0,sub-046,train
9,0,sub-047,train
9,0,sub-048,train
9,0,sub-050,train
9,0,sub-051,train
9,0,sub-052,train
9,0,sub-053,train
9,0,sub-055,train
9,0,sub-056,train
9,0,sub-058,train
9,0,sub-059,train
9,0,sub-060,train
9,0,sub-061,train
9,0,sub-062,train
9,0,sub-063,train
9,0,sub-064,train
9,0,sub-066,train
9,0,sub-067,train
9,0,sub-069,train
9,0,sub-070,train
9,0,sub-071,train
9,0,sub-072,train
9,0,sub-073,train
9,0,sub-075,train
9,0,sub-077,train
9,0,sub-078,train
9,0,sub-079,train
9,0,sub-080,train
9,0,sub-082,train
9,0,sub-084,train
9,0,sub-085,train
9,0,sub-086,train
9,0,sub-087,train
9,0,sub-088,train
9,0,sub-002,test
9,0,sub-003,test
9,0,sub-005,test
9,0,sub-009,test
9,0,sub-011,test
9,0,sub-015,test
9,0,sub-033,test
9,0,sub-035,test
9,0,sub-044,test
9,0,sub-049,test
9,0,sub-054,test
9,0,sub-057,test
9,0,sub-065,test
9,0,sub-068,test
9,0,sub-074,test
9,0,sub-076,test
9,0,sub-081,test
9,0,sub-083,test
9,1,sub-002,train
9,1,sub-003,train
9,1,sub-004,train
9,1,sub-005,train
9,1,sub-007,train
9,1,sub-008,train
9,1,sub-009,train
9,1,sub-010,train
9,1,sub-011,train
9,1,sub-012,train
9,1,sub-013,train
9,1,sub-014,train
9,1,sub-015,train
9,1,sub-016,train
9,1,sub-017,train
9,1,sub-019,train
9,1,sub-020,train
9,1,sub-021,train
9,1,sub-022,train
9,1,sub-023,train
9,1,sub-024,train
9,1,sub-025,train
9,1,sub-028,train
9,1,sub-029,train
9,1,sub-030,train
9,1,sub-031,train
9,1,sub-032,train
9,1,sub-033,train
9,1,sub-035,train
9,1,sub-037,train
9,1,sub-038,train
9,1,sub-040,train
9,1,sub-041,train
9,1,sub-043,train
9,1,sub-044,train
9,1,sub-045,train
9,1,sub-046,train
9,1,sub-047,train
9,1,sub-048,train
9,1,sub-049,train
9,1,sub-050,train
9,1,sub-051,train
9,1,sub-052,train
9,1,sub-053,train
9,1,sub-054,train
9,1,sub-055,train
9,1,sub-056,train
9,1,sub-057,train
9,1,sub-058,train
9,1,sub-059,train
9,1,sub-062,train
9,1,sub-065,train
9,1,sub-067,train
9,1,sub-068,train
9,1,sub-069,train
9,1,sub-070,train
9,1,sub-072,train
9,1,sub-073,train
9,1,sub-074,train
9,1,sub-075,train
9,1,sub-076,train
9,1,sub-078,train
9,1,sub-079,train
9,1,sub-081,train
9,1,sub-082,train
9,1,sub-083,train
9,1,sub-084,train
9,1,sub-085,train
9,1,sub-087,train
9,1,sub-088,train
9,1,sub-001,test
9,1,sub-006,test
9,1,sub-018,test
9,1,sub-026,test
9,1,sub-027,test
9,1,sub-034,test
9,1,sub-036,test
9,1,sub-039,test
9,1,sub-042,test
9,1,sub-060,test
9,1,sub-061,test
9,1,sub-063,test
9,1,sub-064,test
9,1,sub-066,test
9,1,sub-071,test
9,1,sub-077,test
9,1,sub-080,test
9,1,sub-086,test
9,2,sub-001,train
9,2,sub-002,train
9,2,sub-003,train
9,2,sub-004,train
9,2,sub-005,train
9,2,sub-006,train
9,2,sub-007,train
9,2,sub-009,train
9,2,sub-011,train
9,2,sub-012,train
9,2,sub-014,train
9,2,sub-015,train
9,2,sub-018,train
9,2,sub-019,train
9,2,sub-020,train
9,2,sub-021,train
9,2,sub-022,train
9,2,sub-023,train
9,2,sub-025,train
9,2,sub-026,train
9,2,sub-027,train
9,2,sub-028,train
9,2,sub-029,train
9,2,sub-030,train
9,2,sub-032,train
9,2,sub-033,train
9,2,sub-034,train
9,2,sub-035,train
9,2,sub-036,train
9,2,sub-038,train
9,2,sub-039,train
9,2,sub-040,train
9,2,sub-042,train
9,2,sub-043,train
9,2,sub-044,train
9,2,sub-045,train
9,2,sub-048,train
9,2,sub-049,train
9,2,sub-050,train
9,2,sub-051,train
9,2,sub-052,train
9,2,sub-053,train
9,2,sub-054,train
9,2,sub-055,train
9,2,sub-057,train
9,2,sub-059,train
9,2,sub-060,train
9,2,sub-061,train
9,2,sub-062,train
9,2,sub-063,train
9,2,sub-064,train
9,2,sub-065,train
9,2,sub-066,train
9,2,sub-068,train
9,2,sub-071,train
9,2,sub-072,train
9,2,sub-073,train
9,2,sub-074,train
9,2,sub-075,train
9,2,sub-076,train
9,2,sub-077,train
9,2,sub-078,train
9,2,sub-079,train
9,2,sub-080,train
9,2,sub-081,train
9,2,sub-083,train
9,2,sub-084,train
9,2,sub-086,train
9,2,sub-087,train
9,2,sub-088,train
9,2,sub-008,test
9,2,sub-010,test
9,2,sub-013,test
9,2,sub-016,test
9,2,sub-017,test
9,2,sub-024,test
9,2,sub-031,test
9,2,sub-037,test
9,2,sub-041,test
9,2,sub-046,test
9,2,sub-047,test
9,2,sub-056,test
9,2,sub-058,test
9,2,sub-067,test
9,2,sub-069,test
9,2,sub-070,test
9,2,sub-082,test
9,2,sub-085,test
9,3,sub-001,train
9,3,sub-002,train
9,3,sub-003,train
9,3,sub-005,train
9,3,sub-006,train
9,3,sub-008,train
9,3,sub-009,train
9,3,sub-010,train
9,3,sub-011,train
9,3,sub-012,train
9,3,sub-013,train
9,3,sub-015,train
9,3,sub-016,train
9,3,sub-017,train
9,3,sub-018,train
9,3,sub-022,train
9,3,sub-023,train
9,3,sub-024,train
9,3,sub-025,train
9,3,sub-026,train
9,3,sub-027,train
9,3,sub-028,train
9,3,sub-030,train
9,3,sub-031,train
9,3,sub-032,train
9,3,sub-033,train
9,3,sub-034,train
9,3,sub-035,train
9,3,sub-036,train
9,3,sub-037,train
9,3,sub-039,train
9,3,sub-040,train
9,3,sub-041,train
9,3,sub-042,train
9,3,sub-043,train
9,3,sub-044,train
9,3,sub-045,train
9,3,sub-046,train
9,3,sub-047,train
9,3,sub-049,train
9,3,sub-051,train
9,3,sub-053,train
9,3,sub-054,train
9,3,sub-056,train
9,3,sub-057,train
9,3,sub-058,train
9,3,sub-060,train
9,3,sub-061,train
9,3,sub-062,train
9,3,sub-063,train
9,3,sub-064,train
9,3,sub-065,train
9,3,sub-066,train
9,3,sub-067,train
9,3,sub-068,train
9,3,sub-069,train
9,3,sub-070,train
9,3,sub-071,train
9,3,sub-072,train
9,3,sub-074,train
9,3,sub-076,train
9,3,sub-077,train
9,3,sub-079,train
9,3,sub-080,train
9,3,sub-081,train
9,3,sub-082,train
9,3,sub-083,train
9,3,sub-084,train
9,3,sub-085,train
9,3,sub-086,train
9,3,sub-088,train
9,3,sub-004,test
9,3,sub-007,test
9,3,sub-014,test
9,3,sub-019,test
9,3,sub-020,test
9,3,sub-021,test
9,3,sub-029,test
9,3,sub-038,test
9,3,sub-048,test
9,3,sub-050,test
9,3,sub-052,test
9,3,sub-055,test
9,3,sub-059,test
9,3,sub-073,test
9,3,sub-075,test
9,3,sub-078,test
9,3,sub-087,test
9,4,sub-001,train
9,4,sub-002,train
9,4,sub-003,train
9,4,sub-004,train
9,4,sub-005,train
9,4,sub-006,train
9,4,sub-007,train
9,4,sub-008,train
9,4,sub-009,train
9,4,sub-010,train
9,4,sub-011,train
9,4,sub-013,train
9,4,sub-014,train
9,4,sub-015,train
9,4,sub-016,train
9,4,sub-017,train
9,4,sub-018,train
9,4,sub-019,train
9,4,sub-020,train
9,4,sub-021,train
9,4,sub-024,train
9,4,sub-026,train
9,4,sub-027,train
9,4,sub-029,train
9,4,sub-031,train
9,4,sub-033,train
9,4,sub-034,train
9,4,sub-035,train
9,4,sub-036,train
9,4,sub-037,train
9,4,sub-038,train
9,4,sub-039,train
9,4,sub-041,train
9,4,sub-042,train
9,4,sub-044,train
9,4,sub-046,train
9,4,sub-047,train
9,4,sub-048,train
9,4,sub-049,train
9,4,sub-050,train
9,4,sub-052,train
9,4,sub-054,train
9,4,sub-055,train
9,4,sub-056,train
9,4,sub-057,train
9,4,sub-058,train
9,4,sub-059,train
9,4,sub-060,train
9,4,sub-061,train
9,4,sub-063,train
9,4,sub-064,train
9,4,sub-065,train
9,4,sub-066,train
9,4,sub-067,train
9,4,sub-068,train
9,4,sub-069,train
9,4,sub-070,train
9,4,sub-071,train
9,4,sub-073,train
9,4,sub-074,train
9,4,sub-075,train
9,4,sub-076,train
9,4,sub-077,train
9,4,sub-078,train
9,4,sub-080,train
9,4,sub-081,train
9,4,sub-082,train
9,4,sub-083,train
9,4,sub-085,train
9,4,sub-086,train
9,4,sub-087,train
9,4,sub-012,test
9,4,sub-022,test
9,4,sub-023,test
9,4,sub-025,test
9,4,sub-028,test
9,4,sub-030,test
9,4,sub-032,test
9,4,sub-040,test
9,4,sub-043,test
9,4,sub-045,test
9,4,sub-051,test
9,4,sub-053,test
9,4,sub-062,test
9,4,sub-072,test
9,4,sub-079,test
9,4,sub-084,test
9,4,sub-088,test
